kmer,beta_shape1,beta_shape2,dir_shape1,dir_shape2,dir_shape3,success_optim_beta,success_optim_dir
AAAAA,5.11028794907,47.5449052593,8.15913921813,21.5717370001,4.0324138359,1.0,1.0
AAAAC,6.06135536199,55.1022663926,6.26247760527,17.4946688924,4.23168623252,1.0,1.0
AAAAG,12.9625675743,200.293478421,7.0088069914,18.1366875528,2.49547471797,1.0,1.0
AAAAT,4.06665603048,28.2559477644,1.9559262652,8.5268810786,1.27167528362,1.0,1.0
AAACA,4.61669435478,47.1959920085,4.24673687754,10.2183650246,2.19871685823,1.0,1.0
AAACC,10.6239985926,116.526531063,8.46421511856,23.0896179568,5.33161395686,1.0,1.0
AAACG,1.3527625744,22.159639438,0.261444480061,0.264745784334,0.170013726763,1.0,0.0
AAACT,5.51210854489,41.6401214347,8.09880009372,13.2533127053,7.78151629857,1.0,1.0
AAAGA,2.12757180181,81.352579908,2.33663728162,7.4081617521,1.1629898739,1.0,1.0
AAAGC,12.5037863779,148.954792894,7.43300144654,17.9200822929,4.54012853616,1.0,1.0
AAAGG,5.98077239548,77.0265690711,7.16801372583,28.231668398,4.82561751772,1.0,1.0
AAAGT,1.88214346477,9.69350962293,0.980221229518,1.99960872369,0.980221229518,1.0,0.0
AAATA,5.6706178263,37.6735975926,7.98940953721,24.7599871377,7.20560005395,1.0,1.0
AAATC,4.09977398729,53.1288462034,4.69394443993,27.411649316,3.56374196698,1.0,1.0
AAATG,10.1230233244,233.607441311,17.2289687478,17.2569187422,18.7464805211,1.0,1.0
AAATT,2.63520637885,15.9062035444,0.798821036336,2.08344151238,0.662694805994,1.0,0.0
AACAA,7.1728138433,45.2695873477,4.35820458727,7.73612055929,13.0678553463,1.0,1.0
AACAC,10.7518800663,105.75754411,18.6565874027,15.5044831908,52.3506803688,1.0,1.0
AACAG,6.92259438067,69.296071995,18.5547052201,15.834199695,53.8629428951,1.0,1.0
AACAT,5.44953490789,44.8809912194,2.9075031232,2.40370559406,11.0581520779,1.0,1.0
AACCA,5.30185992328,34.3277054076,4.87699476839,11.3007266694,29.7612171191,1.0,1.0
AACCC,6.96431740997,59.4764182885,7.78692780622,10.1460690029,44.3736692316,1.0,1.0
AACCG,7.50541832781,32.6566591456,2.64924546996,7.68271144728,12.2617185784,1.0,1.0
AACCT,0.558953482959,0.68104972103,0.948895760563,1.99738493744,0.948895760563,1.0,0.0
AACGA,2.45443161137,5.6682931712,0.407649151149,0.608248569908,2.36724990898,1.0,0.0
AACGC,7.39085674896,106.515752693,5.36805367224,6.79200448489,23.1794045285,1.0,1.0
AACGG,NaN,NaN,1.0,1.0,1.0,1.0,1.0
AACGT,2.83695056859,2.86279320041,3.79733755461,3.65270592383,1.36843961414,1.0,0.0
AACTA,4.01241810638,19.0991558271,13.2259170548,27.4505269631,31.7048338696,1.0,1.0
AACTC,7.19478807037,39.8743459364,9.65870296683,27.1970009895,60.882213067,1.0,1.0
AACTG,4.96859497469,27.5578149096,8.14302929515,15.2093702959,43.6082900153,1.0,1.0
AACTT,0.48328447675,0.739371009642,0.853688605321,0.1959717939,0.737239041705,1.0,0.0
AAGAA,10.3712657655,200.199069901,43.4665189015,43.023131537,16.8625053795,1.0,1.0
AAGAC,7.20719220837,541.952946085,9.43476055583,4.29708063792,6.03955796387,1.0,1.0
AAGAG,12.6128775048,351.449341801,11.9288274663,13.5227855478,6.16669716538,1.0,1.0
AAGAT,6.6849114985,132.493086331,8.82142740491,3.52481898197,2.99410381228,1.0,1.0
AAGCA,4.07613625658,14.4132698604,12.337748873,14.1435161722,4.69464909525,1.0,1.0
AAGCC,9.56213428329,305.580060807,15.4557039347,17.8173577614,11.659707396,1.0,1.0
AAGCG,9.71456514521,83.7544553602,7.12276804248,4.02074677596,2.08962262182,1.0,1.0
AAGCT,7.00760388384,25.6581151235,77.9174907658,60.4875729356,22.4574762396,1.0,1.0
AAGGA,4.20857155845,96.1421601789,10.0712241479,5.17915580319,4.99718674927,1.0,1.0
AAGGC,11.5567607584,581.038585385,17.4561666882,13.5028141996,14.7359333061,1.0,1.0
AAGGG,1.41531529799,39.5808228569,24.7282242968,17.2807303281,18.7413912599,0.0,1.0
AAGGT,5.80345406737,79.0967722649,27.6982988222,8.2035914801,5.75500298869,1.0,1.0
AAGTA,6.14868464587,21.2974571241,26.4325792351,16.6932394884,8.09864116706,1.0,1.0
AAGTC,3.47560754285,64.4176472702,3.06187202569,4.8249071473,2.78386880655,1.0,1.0
AAGTG,4.26827443276,49.1173375694,3.28369567457,3.76251003921,1.52767289606,1.0,0.0
AAGTT,4.04578320701,20.7538791853,59.5588517654,40.9694346557,17.3548728753,1.0,1.0
AATAA,10.0126784574,50.1466247845,26.4342839523,18.8080323166,25.4938101616,1.0,1.0
AATAC,3.23768897187,13.8445096644,10.6477622028,5.90261779187,7.13894596432,1.0,1.0
AATAG,4.19371037582,19.0775311771,5.15438857401,10.6301386633,5.28972498215,1.0,1.0
AATAT,9.86875376863,123.817230995,6.44762419444,5.23025364085,6.71490330921,1.0,1.0
AATCA,4.81283889731,97.0291600952,3.11276006584,5.33455262815,6.35191935667,1.0,1.0
AATCC,5.76555744465,78.2877617408,5.22444248021,4.20025033517,12.1381299144,0.0,1.0
AATCG,0.837390422904,2.78703460663,2.40029564119,1.60011098892,3.00020466372,1.0,1.0
AATCT,4.313603862,80.6136583298,2.79876538577,5.23932416946,4.46300138639,1.0,1.0
AATGA,3.23538567166,146.298397045,9.22221878353,10.9774853748,20.9844062021,0.0,1.0
AATGC,4.55202590564,88.095781372,3.16621427898,13.0055959094,4.36824344245,1.0,1.0
AATGG,5.98584178045,55.0226245923,4.86304121932,11.7354158027,5.51295460817,1.0,1.0
AATGT,3.7267224468,74.1640221755,3.5379089655,4.29614515507,3.27327491234,1.0,1.0
AATTA,1.10391631454,8.35904231066,1.74262316668,1.30534250449,2.03682400243,1.0,1.0
AATTC,13.0970945279,124.585444799,7.56742178796,41.6179894565,11.7101735402,1.0,1.0
AATTG,4.59973056545,46.1765492276,1.2364136637,7.64618745155,2.60985979487,1.0,1.0
AATTT,19.0092622074,77.5921103794,0.358412389663,1.80106159481,0.817886736229,1.0,1.0
ACAAA,4.84431781048,65.8158492255,6.41695036638,10.1026115966,4.69195744891,0.0,1.0
ACAAC,13.0715835875,345.909046137,9.54407912896,18.473838375,6.50638351013,1.0,1.0
ACAAG,6.77001384858,169.739592659,8.84319736242,13.5544306673,5.88239177302,1.0,1.0
ACAAT,9.36517471597,211.866405097,12.2072230158,51.6167762764,10.6888303796,1.0,1.0
ACACA,9.37141303432,201.847832497,5.53436430432,13.651228657,8.24150699255,1.0,1.0
ACACC,8.55951793154,114.18964813,15.0069947298,15.5487055467,11.9964636339,1.0,1.0
ACACG,4.53605646914,101.314891441,11.3081190071,36.8853759512,33.1611998672,0.0,1.0
ACACT,4.55746116499,62.5548076682,2.50424839109,3.68499901592,2.07927602951,1.0,1.0
ACAGA,5.40559753739,72.1168820095,19.0688978621,19.2068368864,8.50101101781,0.0,1.0
ACAGC,9.03334597352,171.715695014,24.0996740065,52.8892338511,18.8607788445,1.0,1.0
ACAGG,4.27260446891,94.7235685628,13.1512182684,12.2777452087,7.91106557539,1.0,1.0
ACAGT,19.8403188058,299.542362006,11.4142109344,30.5735055809,6.55953377074,1.0,1.0
ACATA,5.502733777,76.9639146889,24.1362325035,32.1574255932,23.6876736813,0.0,1.0
ACATC,4.63152947024,61.3714441538,6.95100051889,15.4589906589,6.20335804267,1.0,1.0
ACATG,6.49860828504,80.5170917365,20.4998253634,18.0205412173,28.0975130979,1.0,1.0
ACATT,2.97382055496,60.4939604838,3.03989679447,6.02632660014,2.6327681264,0.0,1.0
ACCAA,8.29982154248,161.66878988,7.21005451887,7.46723178332,7.27697159054,1.0,1.0
ACCAC,6.95217295014,90.6646647061,3.9300010803,3.1365158778,7.53472356693,1.0,1.0
ACCAG,5.19400799206,68.3000214317,14.3855559142,18.009089197,21.4598844013,0.0,1.0
ACCAT,10.9960379299,305.229858786,11.7964564792,7.8196756139,14.5526651428,1.0,1.0
ACCCA,11.8610495391,215.245555451,5.69049165518,9.95025999267,6.78418817421,1.0,1.0
ACCCC,3.56292773065,68.8704807405,4.93432402193,4.34929479879,6.70128406773,1.0,1.0
ACCCG,10.2014103504,242.501697683,12.610271517,11.5211160477,16.8743293256,1.0,1.0
ACCCT,15.1958416437,401.714794598,17.9104993889,13.7967992144,20.1888044236,1.0,1.0
ACCGA,6.55838522265,125.165033543,4.66608282913,8.085093077,9.85166189387,1.0,1.0
ACCGC,10.1959924521,255.563649299,18.7158848501,18.1012912989,28.4978476449,1.0,1.0
ACCGG,2.88423293381,47.522377615,2.92724999898,2.6133445715,6.43180330168,1.0,1.0
ACCGT,4.775341589,82.256015418,4.06098573945,3.90452660738,14.2760842691,1.0,1.0
ACCTA,8.23250055694,84.5193226458,8.01238508065,7.83560089688,13.7825702867,1.0,1.0
ACCTC,6.20487143124,62.1095861503,7.44303926912,9.31163909085,11.5463951117,1.0,1.0
ACCTG,8.08996178011,94.8743882701,19.0753205641,28.638183395,58.4475785956,1.0,1.0
ACCTT,8.31617994064,63.9556806843,31.394150076,42.2304960291,74.1162021677,1.0,1.0
ACGAA,4.92434106943,126.53645428,14.0755889405,5.91674878793,3.59357342717,1.0,1.0
ACGAC,1.29791560405,81.95486878,19.9784806408,11.0400949314,20.2150000747,0.0,1.0
ACGAG,9.54986583846,227.254782552,15.9479134413,11.4912607406,6.61030187464,1.0,1.0
ACGAT,2.62300422031,11.3844096242,4.17287964533,3.44094794744,1.63359844005,1.0,0.0
ACGCA,9.28474904878,154.637747427,27.7658954267,8.91430331371,15.38409545,1.0,1.0
ACGCC,13.881334237,288.755350931,28.9921093074,6.9845707167,17.3477445187,1.0,1.0
ACGCG,7.54271667681,299.792842355,6.35689641072,2.06422705708,2.67049379848,1.0,1.0
ACGCT,9.27399887027,33.2475791638,62.9029574878,26.9964458546,19.0118828653,1.0,1.0
ACGGA,3.55486344639,80.5517428722,6.66822702847,2.12555244177,4.45811230462,1.0,1.0
ACGGC,6.87322477634,338.799662288,8.62343518775,5.52450091907,5.2180470982,1.0,1.0
ACGGG,0.855185386371,2.76788766554,2.2659886396,0.36931871415,0.528917494234,1.0,0.0
ACGGT,3.55411764438,12.493800862,3.50025953153,7.47373123441,2.21180442375,1.0,1.0
ACGTA,10.2531921524,34.5801651934,17.1141616973,11.9353313083,12.1094301562,1.0,1.0
ACGTC,7.01734185251,161.482674483,15.6879804145,16.2248248903,8.60858833828,1.0,1.0
ACGTG,0.0833333333333,0.916666666667,1.66666666667,0.666666666667,0.666666666667,0.0,0.0
ACGTT,183.333033238,778.912987708,7.60030283087,2.17689130042,4.94989747495,1.0,1.0
ACTAA,1.11356190227,3.59379886735,4.01740772031,1.99712197508,2.83567586862,1.0,1.0
ACTAC,24.3559252237,455.385212989,15.4188889324,32.9725245825,22.9614431579,1.0,1.0
ACTAG,10.0738296671,96.1559170534,13.7132339051,32.8143738938,10.414965891,1.0,1.0
ACTAT,11.9620864458,177.168695674,5.49476650299,10.2612311238,7.18600207342,1.0,1.0
ACTCA,9.78301358103,192.069131955,8.68194428412,4.25681902062,12.4314856202,1.0,1.0
ACTCC,18.3367124724,349.775167577,27.526318747,26.3229870719,70.7960021386,1.0,1.0
ACTCG,0.555409235147,4.25110432504,0.635198421295,6.48407410045,0.479152950701,1.0,1.0
ACTCT,9.05066790972,245.897054201,33.6782650363,92.120622476,85.6078373168,1.0,1.0
ACTGA,9.72436798427,141.408496084,4.17199900095,6.33774045208,5.53467252842,1.0,1.0
ACTGC,7.32395784921,63.0105474438,1.5658886164,3.72522827809,4.38670687657,1.0,1.0
ACTGG,10.083840828,418.213934772,9.69172454398,23.2328475595,29.6823513984,1.0,1.0
ACTGT,10.1438100751,589.360854226,8.64804773385,12.4603669729,32.8615938895,1.0,1.0
ACTTA,1.41930573907,10.3042461649,0.492277048551,1.06935580242,1.53923081127,1.0,1.0
ACTTC,4.90623383404,38.6724986244,2.15551746062,2.11501877693,4.06472639276,1.0,1.0
ACTTG,1.72645281703,14.958141179,0.918618086083,1.12059946308,2.16026398033,1.0,1.0
ACTTT,4.79584543828,43.7388350145,4.44655158097,19.4228557472,4.52070930709,1.0,1.0
AGAAA,3.24176033078,34.791252779,6.27466487918,10.4674126742,1.45229250788,1.0,1.0
AGAAC,10.5257109534,293.326819486,9.54621651316,41.7060437338,6.78213753508,1.0,1.0
AGAAG,7.24230717683,134.242064953,3.63498707841,4.22688302092,1.41033201436,1.0,0.0
AGAAT,5.67368302789,126.037005764,5.73990371094,3.2921962979,4.08958796443,1.0,1.0
AGACA,7.60537529078,693.867402713,34.9990338547,47.162883743,18.730354051,1.0,1.0
AGACC,9.28190792655,282.503666828,43.2268810602,15.4658467113,10.0858743159,1.0,1.0
AGACG,0.306703292041,1.04347967859,1.02791123537,1.51536952574,3.70822716716,1.0,1.0
AGACT,15.2195666796,303.976403301,52.1661117865,36.0737485326,17.9087731164,1.0,1.0
AGAGA,6.39083356219,235.357295301,8.51160338741,43.8471889011,3.99422078516,1.0,1.0
AGAGC,14.1182832656,297.232857119,25.8574510231,41.1687978022,9.61400288106,1.0,1.0
AGAGG,9.41876563843,343.813848602,33.63252799,24.6442023497,15.0661375677,1.0,1.0
AGAGT,14.7670019108,321.435735726,8.54064583337,38.4426265587,4.32189310769,1.0,1.0
AGATA,4.25539135344,76.2920110128,8.98521855854,16.2769624654,7.57495630592,1.0,1.0
AGATC,5.62060841755,85.5994445044,10.1998483278,14.1463823405,7.71532333408,1.0,1.0
AGATG,4.30182125087,94.9832081543,6.04909975266,11.2079925198,4.27060718479,1.0,1.0
AGATT,16.6364919476,649.857094113,11.3676523669,52.1424989472,7.15674537231,1.0,1.0
AGCAA,6.4598519084,35.6124607019,7.97274521186,17.7172379254,17.6746654468,1.0,1.0
AGCAC,6.94067761483,37.6884175138,32.854514947,27.1516943106,73.3141293368,1.0,1.0
AGCAG,4.87569414838,33.7416152998,18.2222489806,18.5723037882,51.166943111,1.0,1.0
AGCAT,5.28009644686,24.386618157,9.94996592508,9.20182249535,30.047249847,1.0,1.0
AGCCA,7.69152381325,67.7748732179,1.28483802335,5.65721685194,3.0304794232,1.0,1.0
AGCCC,5.7938044565,37.2340178579,11.4540653698,13.3899359007,52.0806301367,1.0,1.0
AGCCG,6.55772500156,28.2634002662,8.77503739904,10.469274557,37.3959816292,1.0,1.0
AGCCT,7.61251056459,107.031678055,14.353282653,19.5133061646,47.1464737501,1.0,1.0
AGCGA,5.79028360528,1.6661878451,7.00307434415,4.13412795809,9.16909533871,1.0,1.0
AGCGC,8.00279208356,99.451323017,4.69355316007,4.54465773153,11.2883460315,1.0,1.0
AGCGG,6.64657372845,24.3989164881,4.83614489174,5.09566220497,22.7976090071,1.0,1.0
AGCGT,5.88510401228,60.8503141387,2.32263894698,6.43683748519,9.67614169748,1.0,1.0
AGCTA,5.76283708086,17.9970858416,12.506396983,25.4658723998,58.5098864291,1.0,1.0
AGCTC,4.89322282144,19.4186694038,7.40557827256,29.8197043457,50.3197815675,1.0,1.0
AGCTG,6.52524620341,43.4997525769,19.4844127923,33.5035536452,130.518903559,1.0,1.0
AGCTT,8.83778703569,39.1191960413,8.93195493716,17.5808190961,22.6960499359,1.0,1.0
AGGAA,13.1454549731,291.861041407,12.6264400958,6.68775301866,6.13023846969,1.0,1.0
AGGAC,1.9269471146,85.4763450422,19.2808643972,15.2398604325,17.9478935804,0.0,1.0
AGGAG,9.56099782313,389.750047389,5.9024045249,24.7189505484,12.2602320468,1.0,1.0
AGGAT,2.59629093265,17.8868927279,3.00073378721,1.41070162461,1.06063010463,1.0,1.0
AGGCA,5.95484365204,82.4442660215,10.5842584065,3.04473383811,3.89845020555,1.0,1.0
AGGCC,11.2041703744,440.221774667,12.8765984118,8.45409220513,7.74876518139,1.0,1.0
AGGCG,9.22831278612,223.216672443,11.6088463702,9.53883061428,5.41037170549,1.0,1.0
AGGCT,6.53273860288,55.6215149503,71.7887022108,37.4292900542,21.6274888666,1.0,1.0
AGGGA,4.04154787847,80.9926274822,20.118402583,9.98018396703,9.25505699203,0.0,1.0
AGGGC,2.24855738577,75.7560598167,52.3929822569,23.6120113945,45.6142561923,0.0,1.0
AGGGG,1.42290023861,40.3736481168,9.02225451962,4.98749244222,5.19918334388,0.0,1.0
AGGGT,10.138259137,228.126022686,24.4740131038,5.17776908183,6.48330547219,1.0,1.0
AGGTA,3.59809414966,70.5881905109,2.2257596433,3.93413672753,1.98253362227,1.0,1.0
AGGTC,10.0162427102,313.320643713,8.54098762366,8.73820614937,8.1163910902,1.0,1.0
AGGTG,8.93369229621,826.543434334,18.680325844,10.6238673675,12.6385281458,1.0,1.0
AGGTT,3.78250509431,32.0926109511,19.5578125995,12.9428661022,3.4923362354,1.0,1.0
AGTAA,10.3320732498,63.3793010149,19.6613529221,30.1653516748,17.8327402345,1.0,1.0
AGTAC,4.72357042177,24.9662614395,9.7078902725,10.7419459059,7.68773942227,1.0,1.0
AGTAG,6.15425217185,45.4449608898,21.6863265578,40.8694684258,23.8202673525,1.0,1.0
AGTAT,15.1602748233,146.270339361,3.06796057867,8.6643599133,2.78162483717,1.0,1.0
AGTCA,8.56407930718,217.867879761,2.07387606674,6.2247476984,5.38847877457,1.0,1.0
AGTCC,7.64572221028,279.10809962,8.4989324777,10.3613540195,16.0407074938,1.0,1.0
AGTCG,14.2721133804,379.086738605,4.57631464644,16.3042698301,13.5705725653,1.0,1.0
AGTCT,14.3580648374,501.698911347,23.9544369531,69.6384452185,42.908350678,1.0,1.0
AGTGA,9.2295097797,169.017669266,6.09762376704,8.31719977692,9.99498733578,1.0,1.0
AGTGC,2.15674359968,107.692890661,1.59799777598,1.91717937363,1.32963344699,1.0,1.0
AGTGG,19.2922241481,420.695046523,9.79305267912,15.2097340767,20.0565936619,1.0,1.0
AGTGT,9.82714034546,177.831207435,3.33542873966,7.15247179266,5.13602409932,1.0,1.0
AGTTA,4.13174576003,37.1485743415,5.32831083568,10.5007388166,6.51290718797,1.0,1.0
AGTTC,12.5984583281,245.781549782,21.3517300791,19.6910195416,42.1472134666,1.0,1.0
AGTTG,10.239172689,139.883313523,4.5472158447,21.4688404528,10.3927292532,1.0,1.0
AGTTT,11.0287497054,262.173442322,3.30186989422,3.98285329115,8.50376436897,1.0,1.0
ATAAA,5.25680821392,28.5027703927,7.01848444344,9.8410052377,2.37723994225,1.0,1.0
ATAAC,2.58721382086,18.2189183993,3.40891039581,4.36679298625,2.28992606581,1.0,1.0
ATAAG,7.74108178901,106.126184723,6.63222679368,13.6223449787,3.27771359879,1.0,1.0
ATAAT,4.02616910634,16.7531475501,2.83049302126,5.08974495264,3.97887544758,1.0,1.0
ATACA,9.97135467524,147.201291211,8.15131499003,4.22986237538,10.7194449252,1.0,1.0
ATACC,7.88311617517,45.1039138157,6.72663542826,15.0982229116,10.1221258797,1.0,1.0
ATACG,4.79097943531,52.7036982804,7.244537333,3.99663593599,11.245856712,1.0,1.0
ATACT,9.41142932765,75.630683143,3.97036723216,3.52473013094,9.72989741644,1.0,1.0
ATAGA,1.71020587656,5.74428018057,0.453401566592,1.19814061254,0.446301788462,1.0,1.0
ATAGC,3.64149773833,14.6241956698,5.63967783403,21.6446015753,5.5001336315,1.0,1.0
ATAGG,7.76456100548,54.1826798172,4.58892905147,6.2243548833,6.69554267026,1.0,1.0
ATAGT,4.47229673742,25.3098195346,8.33393119226,18.6571885142,2.98683369388,1.0,1.0
ATATA,4.11799589993,25.159090459,9.65620089674,10.6003530695,10.9307050306,1.0,1.0
ATATC,4.3091722879,16.7438938492,17.5047030119,40.0194940729,28.5149765242,1.0,1.0
ATATG,4.88259854515,23.9491588434,7.40849031235,4.64930404139,9.28549762931,1.0,1.0
ATATT,12.3119287292,755.002160182,6.55997390202,4.38471786765,20.0959606128,1.0,1.0
ATCAA,11.8088540128,237.376365784,6.49289686616,8.43922273329,9.3938683824,1.0,1.0
ATCAC,3.36865952726,42.3803733247,4.43470965784,1.67044647723,18.9442665735,1.0,1.0
ATCAG,4.79208184499,68.3762901714,14.0935869196,14.7158016102,26.1807943975,0.0,1.0
ATCAT,9.78390883215,150.223977419,9.6108295269,18.4371873705,13.7501604519,1.0,1.0
ATCCA,3.43844138508,46.8473064021,5.90370195245,5.77411508141,9.55179164457,1.0,1.0
ATCCC,6.54084180128,136.249789641,3.73505092007,3.92822849087,6.34248820198,1.0,1.0
ATCCG,10.6053856588,260.11049707,13.1532129079,8.15915310634,33.0599229609,1.0,1.0
ATCCT,4.03064920905,43.5162549722,5.43713624434,10.3717440122,8.2794556345,1.0,1.0
ATCGA,3.78226395447,167.079899809,3.20679445105,3.84154126542,5.18081604271,1.0,1.0
ATCGC,9.40345936754,284.991945504,2.40977118922,1.90844389812,3.37842483255,1.0,1.0
ATCGG,10.4088270734,365.681579539,4.9443819019,4.14720647497,7.16920888537,1.0,1.0
ATCGT,3.55150171816,110.619676799,3.26722989125,4.81286018688,3.19651529626,1.0,1.0
ATCTA,6.46665547286,46.8563326508,7.04662600578,11.9706406828,20.2339639543,1.0,1.0
ATCTC,14.9588685855,257.165196211,13.4354101597,13.6967624416,37.5383903248,1.0,1.0
ATCTG,9.10923804479,118.831175155,11.7564507988,7.16818357231,46.3789134013,1.0,1.0
ATCTT,4.91236965034,45.0725734898,7.89964694661,17.0573064006,12.8065202204,1.0,1.0
ATGAA,8.96016168629,251.785988385,18.4647008422,15.3155690708,12.7381372168,1.0,1.0
ATGAC,2.89075753724,72.0037112298,2.98694970847,2.28062661805,3.75764828282,1.0,1.0
ATGAG,9.32058341796,219.482772248,19.2105497766,22.7060696862,22.9334473034,1.0,1.0
ATGAT,14.0958577364,316.149519756,21.764356061,9.32074869651,8.46419093489,1.0,1.0
ATGCA,8.00501530198,55.78898715,69.2672239495,30.3360122544,27.3619997217,1.0,1.0
ATGCC,5.78225085372,86.3563908484,8.48417527066,7.72006921282,11.2041397305,1.0,1.0
ATGCG,5.52211925522,252.066381452,7.0066050941,2.94231752701,7.67274221323,1.0,1.0
ATGCT,5.90672818313,40.5733690719,17.7696159114,11.5753728984,13.3045004995,1.0,1.0
ATGGA,13.3509179448,592.042183902,19.7540633316,7.94320861299,15.8811487856,1.0,1.0
ATGGC,12.3751936025,324.250487891,11.7426115593,10.2956250212,12.7984336825,1.0,1.0
ATGGG,7.00219832198,283.185779124,12.7298926694,4.72124807682,9.56115950662,1.0,1.0
ATGGT,2.80888351455,43.6258297317,6.80803994509,5.78537368668,2.77590157075,1.0,1.0
ATGTA,5.75774605619,17.4442400539,22.0904852891,11.4053183689,9.57335058718,1.0,1.0
ATGTC,1.74764376369,17.3418092379,2.22861739262,1.33504074486,1.72824402908,1.0,1.0
ATGTG,3.05861551028,25.4836453379,4.22168178138,3.44632286707,3.05639800037,1.0,1.0
ATGTT,4.25370798851,57.4516401852,5.18075863424,2.29570786345,1.87927397075,1.0,1.0
ATTAA,6.32445347656,49.391894011,3.60558546616,7.21343161118,5.05128593992,1.0,1.0
ATTAC,4.20559973088,95.5481872895,8.1644086403,18.8658148674,16.4741102149,0.0,1.0
ATTAG,8.78330083633,64.7654597472,11.0063423848,25.8778879829,10.6693303855,1.0,1.0
ATTAT,7.3858693628,71.7255647194,7.16019942041,23.1691811753,8.2637432247,1.0,1.0
ATTCA,12.1480054029,456.801163374,18.0028675607,38.113610763,36.5496780796,1.0,1.0
ATTCC,10.4649654424,194.790203343,9.88148225203,13.1307874855,24.3730404671,1.0,1.0
ATTCG,2.67439366531,62.5318709182,0.789900399507,1.69155785219,3.1879054044,1.0,1.0
ATTCT,2.67148806745,44.1855646871,4.31829119642,3.70436078894,3.73785357408,1.0,1.0
ATTGA,3.83418188674,33.559647179,2.33852562313,6.16626282818,3.15120377512,1.0,1.0
ATTGC,1.0969216433,8.89614695349,492.251001978,2442.05135952,640.871217105,1.0,1.0
ATTGG,8.71464284113,203.21422104,5.16075755501,10.3120782073,10.521284758,1.0,1.0
ATTGT,0.708290574512,9.09194878726,1032.65874209,5159.29559646,3742.23603696,1.0,1.0
ATTTA,5.22935719221,37.8069906284,4.03312251954,11.4190680162,6.59466452944,1.0,1.0
ATTTC,0.642753856762,0.620007360329,260.05698488,3702.97577529,389.707347384,1.0,1.0
ATTTG,4.49952611523,111.57595999,0.668705421775,1.8834522086,0.668705421775,1.0,0.0
ATTTT,1.1060371691,30.3065757251,1.09332530565,5.68624914294,3.22449060457,1.0,1.0
CAAAA,9.90074791869,124.126267321,11.3032455692,24.4615429075,4.54739854315,1.0,1.0
CAAAC,3.87473222748,25.9989293039,10.2989644699,20.742000026,6.60925938177,1.0,1.0
CAAAG,8.59925948404,70.2545557023,9.64836950931,27.2143137151,3.31994811964,1.0,1.0
CAAAT,6.66025622118,75.1149833002,44.4552195804,88.4499104585,12.0437652299,1.0,1.0
CAACA,5.65610815541,42.8781098413,11.9569554781,23.5646971733,6.59488297935,1.0,1.0
CAACC,10.324689847,120.383131502,9.53032928136,20.0180899466,4.04081698073,1.0,1.0
CAACG,4.14651659528,91.9918894028,8.62411038905,16.832972651,5.02458856063,0.0,1.0
CAACT,10.0756988553,105.606524768,38.5401208346,34.4818769473,15.1381563241,1.0,1.0
CAAGA,11.3930527323,157.99509255,15.4441704377,66.3572281788,11.2106341671,1.0,1.0
CAAGC,13.1274240179,128.418403413,15.7773161384,47.2559735588,10.1326351967,1.0,1.0
CAAGG,7.80659135089,111.049735412,20.1375364366,32.4746428822,8.01541476622,1.0,1.0
CAAGT,9.65011196247,82.4127861851,6.68686141578,7.0799489945,2.13526024196,1.0,1.0
CAATA,2.56853810577,18.4350480117,3.61336252331,6.25748503588,1.98962335601,1.0,1.0
CAATC,3.66846127321,41.9928020486,5.7490049014,14.5231559983,2.41616079842,1.0,1.0
CAATG,8.54789464775,79.2336126783,10.869574573,14.5169759711,5.22870198737,1.0,1.0
CAATT,5.76497234605,78.5322581083,13.4172276014,15.8532960949,9.28034793828,0.0,1.0
CACAA,7.67964441601,84.5953903311,9.65658452674,9.31675424042,19.2035444497,1.0,1.0
CACAC,4.37699310152,204.698582699,5.06819464377,3.04940009261,4.88375866085,1.0,1.0
CACAG,13.2928828007,317.666781409,18.8374990983,28.2380782661,14.3739678449,1.0,1.0
CACAT,8.95368565415,130.882484754,18.1292907538,10.9522165453,20.7306536313,1.0,1.0
CACCA,12.1108394264,188.007299751,10.2607251136,18.3683549568,23.6334795289,1.0,1.0
CACCC,7.32559363085,96.7384075489,4.83974421279,9.56353975571,8.22766157575,1.0,1.0
CACCG,6.51896272711,46.3570178389,8.80847735152,26.6762323932,13.1468264413,1.0,1.0
CACCT,5.31946620232,39.3968327584,28.5287776172,50.2518170211,41.7494893107,1.0,1.0
CACGA,5.18530067459,131.801949221,11.0786268456,7.84071298755,7.41954721888,1.0,1.0
CACGC,11.2792873357,169.677327797,13.5276306233,10.4517204531,55.4202662521,1.0,1.0
CACGG,2.89628626206,168.248776923,18.0792083722,11.3046527301,13.1331882157,0.0,1.0
CACGT,5.72955091424,76.5014818715,15.2573044127,15.1421628728,22.9209848863,0.0,1.0
CACTA,9.1723166065,62.4918303192,5.22839252626,10.6420333412,6.58703398446,1.0,1.0
CACTC,5.49293642964,47.0949398093,14.5431506346,22.4905527111,16.5530573821,1.0,1.0
CACTG,6.08400726164,51.280180212,8.08458262685,22.9988686814,17.3901566788,1.0,1.0
CACTT,6.81754834991,20.1196485118,10.2020546882,18.2883931991,6.97729518571,1.0,1.0
CAGAA,12.0660625458,254.208935042,18.4901054357,16.1765886824,7.50877928003,1.0,1.0
CAGAC,10.4528648762,459.063506311,12.3621944405,7.54754489209,5.91503673807,1.0,1.0
CAGAG,12.5619017652,778.247917916,27.8288675354,10.0447216271,11.9075606259,1.0,1.0
CAGAT,12.5165935209,271.320947263,24.8450480256,10.9164307685,11.1317614556,1.0,1.0
CAGCA,3.44737798509,14.7631493803,4.54387138469,3.51634684766,1.51011211716,1.0,0.0
CAGCC,10.1676204508,227.0535129,59.0670801064,25.8072465156,19.1122981102,1.0,1.0
CAGCG,9.79581534525,108.551375793,27.3023039368,9.92727676755,7.09831807107,1.0,1.0
CAGCT,6.31076845231,28.8831486,142.03347027,62.6786902297,23.0175056724,1.0,1.0
CAGGA,3.33445738867,76.5019442158,9.59149069052,5.69754987888,3.37519704161,1.0,1.0
CAGGC,13.7355588591,738.47256373,13.131149217,9.50260388774,9.92377595368,1.0,1.0
CAGGG,6.65669789066,272.899632391,17.9761510526,15.4972459337,11.6771003164,1.0,1.0
CAGGT,1.80081160623,57.1375839381,30.5485556794,13.793917088,9.31521395872,0.0,1.0
CAGTA,6.77009384586,35.8583668901,93.7601652385,64.5199632688,26.3681323208,1.0,1.0
CAGTC,7.34733003186,150.495513071,33.5796994506,8.9911918434,7.31040208161,1.0,1.0
CAGTG,6.08263117319,58.7451529001,31.0444187376,32.4244661662,10.9062456382,1.0,1.0
CAGTT,7.91578101849,45.4866850219,43.6486023114,26.7649396078,12.2424338503,1.0,1.0
CATAA,7.0311667641,100.605936745,3.62025470229,8.85300070856,4.30289953826,1.0,1.0
CATAC,9.94580563153,78.6791297479,12.3087886964,18.9594659889,13.6951558943,1.0,1.0
CATAG,6.11604110614,45.6616480789,6.76211354128,11.2790989515,7.12473427443,1.0,1.0
CATAT,2.72477276982,24.9134119195,11.0529372522,14.041761037,9.38306715487,1.0,1.0
CATCA,10.6496853425,196.786251945,5.0085332795,15.665263476,9.19976994474,1.0,1.0
CATCC,9.31860967067,134.268443732,7.53761006576,6.99016937185,10.7843370433,1.0,1.0
CATCG,8.30833711126,165.575701214,2.21553597478,5.15923666561,3.94637552704,1.0,1.0
CATCT,11.1560690799,334.882134744,7.91054130742,14.3334776685,16.8559279715,1.0,1.0
CATGA,10.1906831774,536.170632197,10.4761520735,16.350195363,27.2134927071,1.0,1.0
CATGC,8.36315292018,401.323096553,7.29147873133,17.8567123379,20.7453458155,1.0,1.0
CATGG,13.5016829091,566.752971896,6.05313246729,11.4325115397,13.2097959606,1.0,1.0
CATGT,7.6579296135,138.366140773,3.12919313584,12.6980568688,4.03740469258,1.0,1.0
CATTA,6.59021636302,236.682586704,5.68305198788,5.92849502811,14.9003031703,1.0,1.0
CATTC,12.3067760875,5.42368978532,5.09402374367,1.7756710097,3.19489445825,1.0,1.0
CATTG,2.06359207468,13.4504647908,0.842071649951,7.46273072156,1.9056119181,1.0,1.0
CATTT,2.08029071473,19.347825725,3.59949612068,4.04651908383,6.07254875199,1.0,1.0
CCAAA,3.87171021713,77.9722025443,3.77360138164,11.2008132106,1.16908490454,1.0,1.0
CCAAC,13.6472771962,180.750168299,7.16168912108,12.1044292741,7.14721170581,1.0,1.0
CCAAG,9.2075246749,185.463761674,63.2167462131,107.946811159,9.65497210547,1.0,1.0
CCAAT,2.96862815959,30.050516276,3.54187914063,8.15631619714,1.76831263019,1.0,1.0
CCACA,3.78611282689,75.5426513104,7.29593243944,19.0635464834,6.09614715365,0.0,1.0
CCACC,1.94654885643,10.0493235705,2.54790065832,2.04202270268,1.6272411761,1.0,1.0
CCACG,3.42230844817,64.423375183,2.71865326557,12.0472346151,5.44433756847,1.0,1.0
CCACT,5.89998726387,34.0813473266,16.9881949136,9.05668516671,4.82761890346,1.0,1.0
CCAGA,5.65050876369,261.620727294,11.5179905876,6.44247980874,2.55126828695,1.0,1.0
CCAGC,10.3661893554,213.22326881,32.0201502577,39.3891832565,16.8924816324,1.0,1.0
CCAGG,10.4482202069,201.179864943,51.9510265615,52.7660145496,23.9362280834,1.0,1.0
CCAGT,5.48989497215,151.651738631,6.04319822746,13.8172648767,7.86055712516,1.0,1.0
CCATA,5.2843563128,68.9151246305,13.0912211104,25.7943438698,11.8627892449,0.0,1.0
CCATC,11.4385054347,149.608357039,15.6962990848,48.0930054224,9.89157623276,1.0,1.0
CCATG,6.23968271389,68.6277559429,27.3748836795,20.3502147103,22.6862957441,1.0,1.0
CCATT,6.49502263662,103.967361083,3.55503906702,2.84164441207,3.72159986084,1.0,1.0
CCCAA,1.23167085001,10.2112729001,1.93005253117,1.24533978876,3.60109867333,1.0,1.0
CCCAC,5.42705853121,196.556391493,2.61393057894,2.44871414533,3.05587815263,1.0,1.0
CCCAG,7.52257670658,572.604732138,15.3344574787,7.73673441035,9.63015220505,1.0,1.0
CCCAT,3.5081773049,132.853531563,6.89561347304,2.72719818333,3.31839940377,1.0,1.0
CCCCA,1.95764601287,96.6158011517,23.9644366653,19.7633084039,17.1757291671,0.0,1.0
CCCCC,10.4776978211,488.431271412,8.67836905153,6.40215219832,11.3605735791,1.0,1.0
CCCCG,3.70457886299,175.655684096,8.60328592192,5.78941756584,5.84694122225,1.0,1.0
CCCCT,7.28158076691,363.755776454,14.2863955531,9.20879214934,8.70476159041,1.0,1.0
CCCGA,6.05830995835,269.428885001,22.3453694743,14.0992728339,6.71706932118,1.0,1.0
CCCGC,1.75373430352,60.1237797065,8.17710195429,8.14371128084,13.6165550895,0.0,1.0
CCCGG,2.03881428772,27.6933554287,1.13448308538,2.59170435232,0.997653845019,1.0,1.0
CCCGT,10.1086923244,445.461759215,13.0788694175,7.21338770142,10.6210567125,1.0,1.0
CCCTA,12.8558600475,436.259809976,5.79331684533,5.11920306511,6.77616082686,1.0,1.0
CCCTC,18.7526715226,637.990123431,9.97652433819,12.2240741222,13.006178205,1.0,1.0
CCCTG,14.7232556125,491.07764039,23.6184438417,27.2445454587,32.9351092626,1.0,1.0
CCCTT,3.18354952111,75.5703175099,14.5754058109,19.8643560129,19.9203130648,0.0,1.0
CCGAA,0.0,1.0,1.0,1.0,1.0,1.0,1.0
CCGAC,4.14814946038,166.943085422,23.5378355205,6.47204213337,9.82818172123,1.0,1.0
CCGAG,0.72957062265,37.8690472274,16.7897917155,8.83651968909,11.9021646445,0.0,1.0
CCGAT,1.2741255648,71.1441414601,62.8246049772,23.4847526021,63.7947822735,0.0,1.0
CCGCA,5.08736902256,101.618951609,12.9973315116,1.77985979336,5.58503899083,1.0,1.0
CCGCC,1.20602538198,30.1345584615,12.6414933189,16.0340609282,13.6410338615,0.0,1.0
CCGCG,11.5560376863,739.088730194,16.3876614038,5.62683752938,8.15772833497,1.0,1.0
CCGCT,3.47836273563,57.0090061242,4.17575669762,3.1002837505,2.03532233383,1.0,1.0
CCGGA,1.74612041993,87.1768002223,8.08976819956,4.38908197599,6.91194970486,0.0,1.0
CCGGC,4.64218742371,150.538874944,9.45084520038,5.07810201927,5.84326967603,1.0,1.0
CCGGG,4.98609941831,281.423234109,10.8040409908,11.7076733151,9.92965115285,1.0,1.0
CCGGT,9.43556979492,618.89707401,13.1566925894,3.17559438835,7.48303194698,1.0,1.0
CCGTA,8.74619410458,41.9199015737,48.2942665663,16.7345384904,12.8021894209,1.0,1.0
CCGTC,10.7967573895,305.532201387,15.2393137209,16.8874550813,14.9004486931,1.0,1.0
CCGTG,8.73958283405,99.8614630788,55.1111626558,16.5781681309,9.86906794302,1.0,1.0
CCGTT,67.5654922552,142.683551802,12.5329383726,1.45669430205,1.15778446769,1.0,1.0
CCTAA,7.14292976409,76.0817082236,4.06921634081,5.58991218031,4.66943161943,1.0,1.0
CCTAC,9.70797590349,134.581441065,7.01354613195,8.38167334307,7.46173550659,1.0,1.0
CCTAG,12.0638199469,68.8500208626,2.80948748024,7.7808118441,3.31386777888,1.0,1.0
CCTAT,6.85558361733,85.3847299681,3.44053007881,8.10534835424,4.22770157761,1.0,1.0
CCTCA,7.39149017828,248.81940751,35.0613714147,79.9700398424,83.4175015414,1.0,1.0
CCTCC,9.96247396058,159.327526273,8.65930455885,11.1083174505,19.4596262441,1.0,1.0
CCTCG,7.97253799429,294.51131355,22.2046659613,46.2616359978,64.1842701356,1.0,1.0
CCTCT,9.88998242748,209.79025867,25.3156580874,75.6194994178,62.4702645648,1.0,1.0
CCTGA,10.9252622234,580.035097448,13.3781212147,17.7201914674,45.0144222199,1.0,1.0
CCTGC,6.33244484732,364.485413597,31.7099642797,88.1994297371,98.4878970512,1.0,1.0
CCTGG,9.05665131981,93.6888737638,10.5406227149,24.0823464548,111.491638117,1.0,1.0
CCTGT,10.7339576235,522.71187034,22.1602194874,59.8408626128,88.0946507152,1.0,1.0
CCTTA,7.07786640837,371.237010579,14.2073775771,14.5480462539,34.7573024553,1.0,1.0
CCTTC,5.22523447652,74.1438382129,11.2928517683,52.7122706721,20.2804866566,0.0,1.0
CCTTG,11.2643943731,126.421387871,4.89120556607,12.4896222916,9.03702807552,1.0,1.0
CCTTT,5.85559646278,101.419108329,4.87568297369,16.187956343,6.84501954332,1.0,1.0
CGAAA,0.286721203082,1.00381155022,1.31908198078,1.40051036246,0.688941414855,0.0,1.0
CGAAC,1.88283526686,14.9296595156,0.188498051435,1.27428431169,0.120686024441,1.0,1.0
CGAAG,2.01033495793,15.9177307698,1.25122869235,1.91410370117,0.408672783034,1.0,1.0
CGAAT,5.53033444235,105.44794767,8.86364301568,6.851357763,2.2103147728,1.0,1.0
CGACA,4.2570990041,55.9569721786,3.64507948594,4.33625988159,1.64910692657,0.0,0.0
CGACC,266.333239066,2393.97318282,1.33333333333,1.33333333333,0.333333333333,1.0,0.0
CGACG,0.0,1.0,1.0,1.0,1.0,1.0,1.0
CGACT,1.32217771731,6.65221446661,4.21114598291,3.41120594084,0.872384358392,1.0,1.0
CGAGA,1.09525369162,669.879177088,4.94944342493,10.4070030274,1.6942804088,0.0,1.0
CGAGC,7.00491286272,102.245112369,11.1992717215,52.2152043909,7.74477989482,1.0,1.0
CGAGG,1.86439958305,59.2589760085,18.812973997,27.7595945374,4.31858981391,0.0,1.0
CGAGT,7.01431585564,113.209112766,19.6560271083,25.9411850043,6.73383114231,1.0,1.0
CGATA,0.333333333333,0.666666666667,0.666666666667,1.66666666667,0.666666666667,1.0,0.0
CGATC,0.507361027133,1.23418471188,540.827841276,2317.21645425,231.69941436,1.0,1.0
CGATG,0.0833333333333,0.916666666667,0.666666666667,1.66666666667,0.666666666667,0.0,0.0
CGATT,7.91829702184,121.907359135,36.5759550387,40.2861377849,13.2989958183,1.0,1.0
CGCAA,0.182859579377,0.425908660337,0.382786600152,0.845696650038,1.77151674981,0.0,0.0
CGCAC,10.2352769741,200.541676381,14.8514635074,8.38845321827,5.38593544809,1.0,1.0
CGCAG,7.9879512505,207.114909359,14.6878817276,16.7198832426,14.1827721505,1.0,1.0
CGCAT,1.75796772752,21.2756919026,0.988908268721,1.19603285696,1.41646142897,1.0,1.0
CGCCA,16.1930963411,397.454335395,19.6664912713,26.0667261732,26.5912970613,1.0,1.0
CGCCC,693.989728873,6035.95440556,30.1324746667,13.0011218917,50.462678777,1.0,1.0
CGCCG,12.9168065019,504.607380694,10.3865630663,6.05072208982,9.71433125502,1.0,1.0
CGCCT,7.66281214586,103.884065455,3.80358451368,3.48220704335,12.0568804734,1.0,1.0
CGCGA,8.39932495005,106.104579714,3.64651895054,2.10323779073,10.1211231156,1.0,1.0
CGCGC,39.3444709533,644.475038634,2159.07199271,721.073607907,5022.58706576,1.0,1.0
CGCGG,10.7006868969,556.920029137,7.69577755045,5.29322407694,5.69934197201,1.0,1.0
CGCGT,6.03558704554,238.145733323,16.8150316501,5.99932288571,4.77110927453,1.0,1.0
CGCTA,7.07818663699,47.5202728544,4.63709533293,4.85172054427,7.79234617826,1.0,1.0
CGCTC,31.7973468049,185.567157694,4.4268624311,1.39714524909,1.64690784355,1.0,1.0
CGCTG,8.16974246049,45.5045399785,15.3693585207,62.9533084327,40.3094033184,1.0,1.0
CGCTT,7.83648154509,35.6713002763,4.19710281126,18.2668355634,11.5642125604,1.0,1.0
CGGAA,2.87770643063,75.9424529065,3.80111324694,1.72726201024,1.16886845456,1.0,1.0
CGGAC,5.46907753231,416.513598723,22.9388884146,8.36610733388,14.6184111025,1.0,1.0
CGGAG,8.0720286909,381.833372204,7.5364169417,19.2280405805,12.743053484,1.0,1.0
CGGAT,2.23923142182,48.5695497409,4.57221663869,3.32488508944,2.59047556422,1.0,1.0
CGGCA,10.0807900055,113.136597157,10.6690328406,10.9785581976,4.57174877142,1.0,1.0
CGGCC,0.691391991436,28.0334183724,38.9236960733,13.7371684193,36.8583465042,0.0,1.0
CGGCG,1.39861196001,12.9442060326,1.99925234253,0.972661785375,0.972661785375,1.0,0.0
CGGCT,5.72270344743,108.770543783,17.389097235,14.5008566286,7.03331092674,1.0,1.0
CGGGA,9.36587674603,427.079517018,10.1176601741,3.92476041766,4.47060112355,1.0,1.0
CGGGC,5.99777798476,262.585060229,5.06518338779,12.9074466419,15.5558315895,1.0,1.0
CGGGG,3.92418002777,126.946032366,3.53518276261,3.17091809017,3.18884354913,1.0,1.0
CGGGT,0.859064945291,2.69815713296,1.31618454743,0.820641706143,1.15176802735,1.0,1.0
CGGTA,5.75816768199,9.31678094907,10.7913898684,6.17492494239,2.67366851326,1.0,1.0
CGGTC,5.53270679981,203.888487064,4.41180030642,3.48815343353,5.80646486866,1.0,1.0
CGGTG,5.21631899486,59.2845430587,12.6265197318,7.14020122997,4.5249389821,1.0,1.0
CGGTT,12.277401512,78.922891522,20.723260064,24.2279164299,4.38187089014,1.0,1.0
CGTAA,137.329457558,1922.07986809,0.876908509021,1.86164043686,0.507634036083,1.0,0.0
CGTAC,4.01910617146,26.6309012017,4.32434456303,10.2788185365,6.11881834641,1.0,1.0
CGTAG,4.0886823236,48.2289673592,2.66363709056,6.24512943838,3.7178720275,1.0,1.0
CGTAT,8.50512750533,102.479090013,7.79580576656,17.6264550473,8.3623562481,1.0,1.0
CGTCA,9.1531957113,193.257725335,3.99887539933,14.0954382893,11.4564248059,1.0,1.0
CGTCC,14.6396597809,279.610276357,11.0290015573,14.1518349875,22.5764609234,1.0,1.0
CGTCG,5.95697134691,109.814374759,1.93941432168,2.32819889479,3.83230834046,1.0,1.0
CGTCT,8.20711745559,157.375228759,7.13784176526,15.6721036402,22.1391559498,1.0,1.0
CGTGA,4.02351117405,89.7265606593,4.81604461158,10.4209695695,20.0093793861,0.0,1.0
CGTGC,0.0,1.0,1.0,1.0,1.0,1.0,1.0
CGTGG,13.4840424112,442.04629365,6.77777708106,15.4154391037,12.7711702764,1.0,1.0
CGTGT,6.98961894963,225.378730016,3.97630111753,9.3170680118,6.67903488942,1.0,1.0
CGTTA,135.638345079,5010.79068577,0.666666666667,0.666666666667,1.66666666667,1.0,0.0
CGTTC,0.0,1.0,1.0,1.0,1.0,1.0,1.0
CGTTG,3.43632190714,14.1187875239,1.58343044312,13.0433947414,2.96939039148,1.0,1.0
CGTTT,2.53652531899,29.9242833253,207.576464913,2071.23792681,933.495789498,1.0,1.0
CTAAA,1.82587437476,12.805410128,1.62474264911,4.04705163828,1.25612712029,1.0,1.0
CTAAC,3.85551887641,23.3371918908,9.46683887232,18.6387346975,5.49906393529,1.0,1.0
CTAAG,3.44803204583,40.9041531754,1.47547457965,1.87928871479,0.972156146813,1.0,0.0
CTAAT,2.46291876968,5.72797709459,1.04171010688,4.54980263836,2.00897428681,1.0,1.0
CTACA,5.38823512099,71.3040546591,12.5120374883,6.75854579442,13.7053726767,0.0,1.0
CTACC,4.8211304541,55.7035633122,2.1798749513,0.908949220671,5.3126812304,1.0,1.0
CTACG,9.26253137447,225.258635048,17.0797631563,9.68446410044,22.2799426778,1.0,1.0
CTACT,4.76479676022,36.488738035,3.28359160342,1.62782049786,4.39358099635,1.0,0.0
CTAGA,7.4137017801,38.7640859565,0.977640559478,1.99949993038,0.977640559478,1.0,0.0
CTAGC,3.56297476191,19.3224487962,4.30120959947,6.96073099571,3.24475070715,1.0,1.0
CTAGG,2.2404207671,5.11412567268,2.86259362707,0.553927011876,0.455317143174,1.0,1.0
CTAGT,3.92583016457,16.6345880856,9.21043790147,12.8661299649,4.13430206874,1.0,1.0
CTATA,5.60864270512,46.2511275835,12.7775888844,4.28800652142,16.0991206965,1.0,1.0
CTATC,2.97656699159,16.2939972618,5.19866332921,6.62002735041,7.58235672883,1.0,1.0
CTATG,9.48903686777,90.4845573133,52.0920610415,21.6395395947,66.2098557045,1.0,1.0
CTATT,5.93778770418,41.5736609317,15.2117561974,8.18521127065,12.3375908321,1.0,1.0
CTCAA,7.63548309515,166.806344298,6.30051372043,7.04876559775,4.52469828852,1.0,1.0
CTCAC,13.7270013215,439.176174293,13.1727145072,6.60454131278,20.2235467267,1.0,1.0
CTCAG,8.52182680956,375.949641271,19.7582083903,15.0167097789,12.1797315587,1.0,1.0
CTCAT,10.1348602694,400.009294505,6.05541499909,5.36268054293,5.81190292414,1.0,1.0
CTCCA,14.5628274068,613.25636144,20.3135635102,14.1034638896,19.585530843,1.0,1.0
CTCCC,4.79712136033,127.91894363,7.53430894097,2.20616234101,9.5989539875,1.0,1.0
CTCCG,7.75624759299,255.865659108,12.5781642031,5.90810054376,18.7327244493,1.0,1.0
CTCCT,8.93998165587,332.450099761,20.7866707904,17.0630756766,22.5954594379,1.0,1.0
CTCGA,900.316551499,5502.5561075,34.7478223777,55.4226253812,331.742722665,1.0,1.0
CTCGC,3.00346203763,118.241538312,11.5172337518,8.64088208905,12.2594740532,1.0,1.0
CTCGG,3.1823590916,186.956526898,4.5867642325,2.61338590985,3.32690568128,1.0,1.0
CTCGT,1.2818368124,32.5509754572,0.945967492702,1.13206721158,1.77402802661,1.0,1.0
CTCTA,1.16827987215,23.775920542,1.86154151723,1.2732555328,4.68029687395,1.0,1.0
CTCTC,15.3408229879,376.736027315,11.3925822733,19.1941770096,17.8585297233,1.0,1.0
CTCTG,14.4102509526,484.871624667,16.0344743069,11.6274358534,24.2978385966,1.0,1.0
CTCTT,2.47738367295,20.3553271471,2.47745719953,4.15954673629,3.24047919001,1.0,1.0
CTGAA,7.49006665807,171.433031114,21.5379229852,11.9503211737,11.1566586215,1.0,1.0
CTGAC,10.1553948347,503.534598785,10.8278701363,5.48940647078,7.03699574646,1.0,1.0
CTGAG,10.4493943257,274.048367185,25.2014131189,23.4539179396,15.1195305079,1.0,1.0
CTGAT,11.6013026395,107.104403686,10.1412341717,6.52803478832,4.03927122014,1.0,1.0
CTGCA,6.08826260265,93.5948180575,28.8505891211,15.8701743414,10.895969108,1.0,1.0
CTGCC,2.36906629193,133.940388568,3.98050890575,3.30581662185,3.83944154169,0.0,1.0
CTGCG,8.74791555422,360.197542815,5.44567358914,8.20768007211,5.8394138753,1.0,1.0
CTGCT,6.64994185307,34.9907919822,9.55222541309,3.65068408414,4.97908994178,1.0,1.0
CTGGA,9.38799884631,371.875755685,14.8885948583,7.86340146363,10.6421298722,1.0,1.0
CTGGC,5.07857906877,288.114218929,3.7287573377,2.68835676666,3.9257349416,1.0,1.0
CTGGG,8.62556890408,673.008686985,13.7716981877,22.564681896,37.5551911031,1.0,1.0
CTGGT,18.0976857459,640.128179861,28.3815216852,18.0951296993,17.5796948644,1.0,1.0
CTGTA,7.86504711669,63.0900888436,31.8557772262,21.2966072636,15.6906116056,1.0,1.0
CTGTC,18.299856865,752.184218541,9.88652862918,10.6087645369,12.0128403513,1.0,1.0
CTGTG,12.152124874,344.428571923,54.6391350535,32.025841705,19.2506535821,1.0,1.0
CTGTT,6.01661821884,74.9616536315,25.8486926757,11.5199490794,7.88646000325,1.0,1.0
CTTAA,NaN,NaN,1.0,1.0,1.0,1.0,1.0
CTTAC,4.70982674457,25.2623253772,10.0117421178,11.6061289212,12.9920385688,1.0,1.0
CTTAG,8.59887774918,92.4791697335,2.15035492156,7.13860607708,4.54769727718,1.0,1.0
CTTAT,13.3306826741,115.493750695,3.59903377968,5.84559034496,4.88991487255,1.0,1.0
CTTCA,10.7025436077,358.646748053,10.3475355811,30.7089496122,21.2337735157,1.0,1.0
CTTCC,4.80472696511,57.533079161,1.94489942784,5.91537571489,3.50066252891,1.0,1.0
CTTCG,10.3038044586,477.363523807,10.4228567446,38.8250121667,37.4697814939,1.0,1.0
CTTCT,9.85781853739,279.456826877,19.9202826262,47.0945510946,54.6556968998,1.0,1.0
CTTGA,5.7070462625,125.206998659,2.14716437454,3.96419873055,7.71812349428,1.0,1.0
CTTGC,3.85803343537,77.377684517,2.83135674494,5.58861006925,3.6799980171,1.0,1.0
CTTGG,18.8784219156,532.758555374,1.42360302614,4.14284719549,3.71033514282,1.0,0.0
CTTGT,6.86700149058,230.727568065,1.88614685478,3.86964391892,5.05841273681,1.0,1.0
CTTTA,9.80709279645,382.609443498,10.7690928495,19.8414121868,15.3539934208,1.0,1.0
CTTTC,5.28644613587,102.308886369,2.23651221673,6.03969209998,7.26034095379,1.0,1.0
CTTTG,4.54153943459,58.6145646381,3.29412057931,5.61197404103,3.21958529081,0.0,1.0
CTTTT,1.68195379509,20.292881044,0.745999746,0.618999618999,1.889000889,1.0,0.0
GAAAA,8.12006220087,79.7830088224,14.4960171215,27.6362940184,4.82873420218,1.0,1.0
GAAAC,6.04647762434,51.9615819277,9.30320276536,15.9969607258,3.79977893034,1.0,1.0
GAAAG,6.66510133336,148.152231851,5.32326155899,13.9493900945,1.82513974932,1.0,1.0
GAAAT,2.62415961045,14.0977883826,7.5825768259,7.86598451808,5.749669897,1.0,1.0
GAACA,11.6340803061,148.119074483,21.8345939749,59.9092653276,5.80754593644,1.0,1.0
GAACC,10.8343673685,147.487435078,12.7096360856,31.8633579964,6.01013969821,1.0,1.0
GAACG,NaN,NaN,1.0,1.0,1.0,1.0,1.0
GAACT,10.5450379339,128.917611528,26.1433623021,44.3879173824,9.86163139051,1.0,1.0
GAAGA,8.10053009127,74.8422712833,11.6676879165,24.2753129669,4.49875435705,1.0,1.0
GAAGC,7.65533046064,72.2849072876,23.9633075936,64.716012041,10.9252136713,1.0,1.0
GAAGG,5.43203476973,63.1287336891,8.29115669507,30.2395580292,4.1010484943,1.0,1.0
GAAGT,7.38338097512,85.2735886635,15.2096879072,50.8476754951,8.48431567444,1.0,1.0
GAATA,3.08089131202,18.4662200546,6.58312683239,18.9725370983,7.01660177379,1.0,1.0
GAATC,2.85147698958,17.8692745631,2.9933976053,10.3755612697,2.25925537231,1.0,1.0
GAATG,3.62025418708,31.8572964473,5.20277050648,10.3901503118,3.36899608337,1.0,1.0
GAATT,3.65488127476,25.7165310588,3.14781893406,2.52227444531,2.22471633658,1.0,1.0
GACAA,14.281071365,639.64635012,25.8795602784,14.0324790899,11.3269676556,1.0,1.0
GACAC,14.4680089972,455.178352742,14.9246335389,6.90018032152,13.6878320246,1.0,1.0
GACAG,4.70121825678,231.705929721,10.7135285145,4.88013009804,3.9292930102,1.0,1.0
GACAT,5.53148980807,113.536999162,7.62574627185,3.26993366394,5.77138829443,1.0,1.0
GACCA,4.23569334679,98.879654626,4.04650258029,5.83572464337,2.72020041119,1.0,1.0
GACCC,10.4614204667,493.183302081,15.746814615,12.5028834335,11.6315710524,1.0,1.0
GACCG,11.334279474,384.864510827,12.4656584256,17.996499721,9.00734186752,1.0,1.0
GACCT,1.748186809,54.5910558061,3.83220397289,3.47050962169,5.46336112769,0.0,1.0
GACGA,11.651242094,465.75560972,9.27022149866,7.29522588006,4.65585658941,1.0,1.0
GACGC,0.453837236657,1.6890478894,951.739460671,182.858529267,841.285883902,1.0,1.0
GACGG,1.25137150282,4.17625586688,3.77918524587,4.12932628944,14.1671118315,1.0,1.0
GACGT,0.875,0.125,0.745543321096,1.93300782265,0.745543321096,1.0,0.0
GACTA,6.66879043622,75.2606093311,5.0578895483,6.27770242503,6.60340388191,1.0,1.0
GACTC,16.4890584998,332.342181539,11.9498189348,22.0425021878,14.0309827375,1.0,1.0
GACTG,13.9931502178,611.012489718,12.8116272839,17.9724760398,16.145013259,1.0,1.0
GACTT,1.91163480543,15.9578827643,0.544176257429,1.0099808625,0.887611097195,1.0,1.0
GAGAA,4.65946687951,24.1073706411,5.18867484032,7.89839749713,2.32230894408,1.0,1.0
GAGAC,18.2390707874,700.89141861,21.1894879115,23.7094171484,15.8064759269,1.0,1.0
GAGAG,6.86893358139,222.60099161,17.2938976672,31.7081025403,4.70655233215,1.0,1.0
GAGAT,4.60280580658,25.323151296,17.3871084259,45.2443219836,5.74884113441,1.0,1.0
GAGCA,4.48386156055,18.1893495006,4.23904962304,3.66446165363,1.31738632564,1.0,0.0
GAGCC,5.22833958279,99.9121412896,3.86373898388,3.68915011595,1.56705032457,1.0,0.0
GAGCG,9.01665917358,104.013013861,1.80493237366,1.1738543874,0.942151232845,1.0,1.0
GAGCT,5.03060312402,14.2669306806,122.785375004,137.861117368,16.3305262115,1.0,1.0
GAGGA,4.59614455734,23.2693629711,37.2907795288,44.1666723634,6.65570336334,1.0,1.0
GAGGC,10.0584651304,318.1190993,14.4101900804,7.80090346763,7.48541337097,1.0,1.0
GAGGG,7.39457145988,198.214714659,7.11716678581,3.23228991516,4.48974153102,1.0,1.0
GAGGT,2.40132624962,43.5873378904,7.2624765393,5.60484611017,1.73580347763,1.0,1.0
GAGTA,10.8915578225,37.5428543294,10.1951739244,14.229785788,2.77290802867,1.0,1.0
GAGTC,10.1718844091,166.158723602,36.8671746882,26.1976080173,10.7191374743,1.0,1.0
GAGTG,15.6953231459,293.384372517,32.9730229897,6.30632651273,7.62349189861,1.0,1.0
GAGTT,4.01307313747,15.716669262,11.0010166344,21.4056291276,2.54529198641,1.0,1.0
GATAA,2.20151615494,11.4487025394,2.69150278353,7.13258331572,2.77945149845,1.0,1.0
GATAC,15.9942829127,223.871283389,11.9049477553,15.061629384,17.7327793854,1.0,1.0
GATAG,2.55808727064,48.4104508321,6.77015130745,4.82769888359,14.4003026831,0.0,1.0
GATAT,1.69238001125,12.8264476737,2.64070797234,7.46077453173,1.49069902834,1.0,1.0
GATCA,8.18003768208,205.50270987,4.70809246165,7.35415805769,8.80377831176,1.0,1.0
GATCC,8.00133531258,298.23875634,8.1689225882,15.2128009028,10.7940102031,1.0,1.0
GATCG,7.77352299565,265.965363413,6.36582687201,7.78067767427,6.74294071951,1.0,1.0
GATCT,5.51912521047,72.8012273005,6.2722395364,12.5127044712,10.987549058,0.0,1.0
GATGA,15.3455293162,254.33282285,7.48125155044,13.6657365104,9.29144952439,1.0,1.0
GATGC,8.38013162272,160.564455871,5.80648369571,6.46391052303,7.71708283797,1.0,1.0
GATGG,5.49775973737,74.0832221972,4.27895625665,6.6420352263,5.27860152918,0.0,1.0
GATGT,0.838526786533,34.9783324078,0.182641329334,0.794252093206,0.240362823163,1.0,0.0
GATTA,8.42806880271,95.5920411217,7.31399173882,11.1355863871,6.25751427756,1.0,1.0
GATTC,11.4233639703,228.428390287,17.1903566538,33.3765390082,24.0944379725,1.0,1.0
GATTG,5.597479566,353.496182936,8.43544673842,7.86086016183,15.4429448082,1.0,1.0
GATTT,822.185990912,4282.53523233,0.618999618999,0.745999746,1.889000889,1.0,0.0
GCAAA,7.24267890805,240.050118864,20.719131837,43.1056420038,20.9908356117,1.0,1.0
GCAAC,11.7567646382,106.22463132,5.11504975177,8.31452497886,3.76867013124,1.0,1.0
GCAAG,5.00996107577,61.0725201694,26.2016477364,16.1669500747,5.60390924132,1.0,1.0
GCAAT,2.07098927932,20.5916728686,3.60476006315,7.80167373113,2.05627401654,1.0,1.0
GCACA,5.21769531855,75.6421337083,15.8070015937,33.0786871786,16.5060534577,0.0,1.0
GCACC,5.92259846864,64.3627847977,11.8011279523,18.1985647411,12.039943084,1.0,1.0
GCACG,1.82518069223,44.1390085218,1.79745649544,3.2793147792,1.49793419117,1.0,1.0
GCACT,16.9135394499,212.220017803,12.254341483,8.81103484479,9.02252543706,1.0,1.0
GCAGA,8.02274619017,147.39200692,10.1197035397,19.2064654356,8.37674791002,1.0,1.0
GCAGC,4.98088572345,78.794540264,19.2719921652,28.9527754684,13.1131706894,1.0,1.0
GCAGG,5.11299056844,66.3019770169,9.5096291434,17.0618230321,5.34548262876,0.0,1.0
GCAGT,8.98004133503,149.297525771,15.6404451402,19.670671522,11.0802832401,1.0,1.0
GCATA,4.28402575813,30.3451399035,4.00351054002,13.0957626584,4.71395219038,1.0,1.0
GCATC,8.69179727787,71.5252251854,3.52380847185,7.84237964191,3.64922118967,1.0,1.0
GCATG,6.59572705911,84.9957180923,23.6194765537,8.41794036105,19.9073460292,1.0,1.0
GCATT,3.30859199049,41.4570278249,4.14303514692,3.62474102364,3.25681291405,0.0,1.0
GCCAA,10.0692569489,420.261449843,23.1632759939,12.0153873184,9.08566371141,1.0,1.0
GCCAC,7.03550018027,228.104314935,18.6374290629,7.65188678333,8.46756464721,1.0,1.0
GCCAG,9.21053443638,440.427316556,53.6258264234,26.9501731404,27.9601718442,1.0,1.0
GCCAT,3.56958927578,76.3803958109,14.0940355847,7.6628083024,11.913141124,0.0,1.0
GCCCA,7.71374210189,311.794797211,21.8485623134,27.3904044579,32.3359729876,1.0,1.0
GCCCC,8.6075464401,347.077778148,11.2531740489,7.98794893263,10.021403127,1.0,1.0
GCCCG,9.63563992642,394.392466973,14.2199978613,9.58910514412,11.7390740487,1.0,1.0
GCCCT,4.96482531278,233.277250418,28.7871189104,16.7642885335,20.9566568249,1.0,1.0
GCCGA,12.7008374707,545.256181802,16.5600096556,8.90015945079,13.5777965428,1.0,1.0
GCCGC,13.0117607235,509.130828303,10.4291597721,6.17182375823,10.9578556326,1.0,1.0
GCCGG,8.51505050538,450.906240889,33.8033840883,11.2962308629,9.74119195798,1.0,1.0
GCCGT,6.10536755639,187.442420799,7.0178091537,4.802595029,11.6036553376,1.0,1.0
GCCTA,5.88908796249,86.4533590552,6.27782562056,9.94502038079,9.60505493554,1.0,1.0
GCCTC,13.1489926961,314.192555251,15.2420579401,21.5091485893,23.802616343,1.0,1.0
GCCTG,6.56614104565,202.003664879,7.89324139699,8.73987131183,10.4577752669,1.0,1.0
GCCTT,8.91014838677,467.887538266,16.5266563136,14.2439507975,25.4004030335,1.0,1.0
GCGAA,3.29763520827,194.797125763,5.50485908922,2.29740682896,1.88898516468,1.0,1.0
GCGAC,2.49946051257,145.770530855,9.21675154226,11.0492021419,13.8885964217,0.0,1.0
GCGAG,1.3628902139,119.594536036,8.50754690361,8.97615637138,4.76202036081,0.0,1.0
GCGAT,1.42248350352,8.31021655788,3.20651199133,0.694316752959,0.65277575773,1.0,1.0
GCGCA,6.32402854083,218.611018533,5.58985280229,4.7362912012,5.0841040965,1.0,1.0
GCGCC,2.41972653926,77.2741102507,5.55825693845,9.39388699748,9.41443266751,0.0,1.0
GCGCG,0.0,1.0,1.0,1.0,1.0,1.0,1.0
GCGCT,5.05865624598,42.3477097975,20.7376134476,10.9915160989,5.9055744533,1.0,1.0
GCGGA,11.1456806724,304.21575202,16.3076436083,6.4883380365,6.62796601881,1.0,1.0
GCGGC,0.666457375509,14.9106778198,4.74790460576,2.90666640685,2.28119386999,0.0,1.0
GCGGG,0.999110947279,5.68575784847,3.46161732427,1.64753857964,2.36343328205,1.0,1.0
GCGGT,4.35111958908,39.7863566127,11.5734304784,2.30404511263,1.88740878642,1.0,1.0
GCGTA,4.83296692597,30.8755546901,18.5775862075,2.84561250727,3.46758186375,1.0,1.0
GCGTC,2.13433736581,13.258579164,4.71236275269,15.961371839,3.43118720823,1.0,1.0
GCGTG,2.67248381645,58.8229071984,4.59168358325,5.78951567265,12.2658992376,0.0,1.0
GCGTT,2.65633303846,5.02260094998,2.88551285728,0.60548597965,0.766152887967,1.0,1.0
GCTAA,1.89259402637,11.6018197346,1.85894186403,2.04712623443,1.63249534572,1.0,1.0
GCTAC,5.16963446607,56.8168876586,7.36888222477,18.1895346968,5.86761481132,1.0,1.0
GCTAG,5.33084122697,56.9017897753,2.89216244901,8.38626416742,6.69416971258,1.0,1.0
GCTAT,7.36511401306,65.3961648766,22.3858295607,43.1838745203,19.2238058844,1.0,1.0
GCTCA,3.41538507779,100.732503754,4.0150955269,7.10176256532,8.79695676868,1.0,1.0
GCTCC,13.3235103352,184.706284138,2.32901658016,10.3186107909,5.07334195806,1.0,1.0
GCTCG,3.00245770043,72.3673423998,0.790031452489,3.98815878512,2.30510807691,1.0,1.0
GCTCT,7.43915373195,205.716187849,5.26474295981,5.21947561501,14.8284516737,1.0,1.0
GCTGA,3.8499001518,95.102221642,13.4916961379,27.9621690634,26.0805419149,0.0,1.0
GCTGC,5.21827128228,202.776197368,5.85622065611,12.9075642187,6.95885162263,1.0,1.0
GCTGG,11.6043484657,442.037884497,3.97860472674,12.6593375413,10.1901816713,1.0,1.0
GCTGT,3.84482843244,95.2850875007,11.290023456,24.2991809825,17.2203309217,0.0,1.0
GCTTA,10.911386995,119.265619271,5.96063648196,13.9912628011,8.81124291374,1.0,1.0
GCTTC,5.40184650831,41.929436089,4.69371317497,38.31598103,7.6133794906,1.0,1.0
GCTTG,14.1369100513,217.085060171,2.59256760684,15.5039812379,7.26281428085,1.0,1.0
GCTTT,11.3098954004,379.090297133,5.3137313306,7.40642080791,6.19305042984,1.0,1.0
GGAAA,12.3717443637,338.62674975,14.6474700137,22.4472716369,6.34589651892,1.0,1.0
GGAAC,3.10567373566,11.790973411,0.979020338935,1.99955975691,0.979020338935,1.0,0.0
GGAAG,9.78841054637,199.036040824,3.66749770108,4.45518021662,1.5115802753,1.0,0.0
GGAAT,7.48313622926,77.9541396033,6.44947875528,17.0538481242,3.43227390906,1.0,1.0
GGACA,15.8678118683,801.951999545,22.8632559247,32.0081706189,11.6199686714,1.0,1.0
GGACC,5.54363863382,86.6846231538,9.06163178837,10.6260505834,6.39623503451,1.0,1.0
GGACG,2.19170132103,54.6516674805,4.23266313507,7.11883338983,3.66621481178,1.0,1.0
GGACT,12.250471332,197.587637582,26.6665351657,28.3285931454,9.49176107516,1.0,1.0
GGAGA,10.080929537,218.206406778,28.1655644175,17.5309950877,7.58724134027,1.0,1.0
GGAGC,14.9809399184,202.169515516,26.1397812865,55.8235606741,13.8608114672,1.0,1.0
GGAGG,17.6630495334,269.012825235,31.2230428482,37.4000100144,14.112238162,1.0,1.0
GGAGT,14.0467177475,330.839984647,38.2485333734,39.9956892244,20.8023846057,1.0,1.0
GGATA,10.1703552295,133.739326678,12.1505791613,8.7680775461,5.9775086141,1.0,1.0
GGATC,8.50911740961,81.9812617684,16.815158593,28.7501859465,10.160187471,1.0,1.0
GGATG,6.06347999344,61.1214065969,10.9447812172,16.8239866002,7.63309409217,1.0,1.0
GGATT,13.4799297001,169.462953926,43.9319878055,29.3012607734,18.7136361953,1.0,1.0
GGCAA,5.87633152174,160.888104667,29.3404247659,28.8949978673,10.1602945253,1.0,1.0
GGCAC,8.9131646204,241.959651577,12.2622765166,7.60212587281,8.15673152353,1.0,1.0
GGCAG,14.2527263407,467.311389486,13.9456381474,13.6745843983,9.70750044086,1.0,1.0
GGCAT,9.43490122495,220.290100238,10.0767506672,6.87681401146,11.921617586,1.0,1.0
GGCCA,3.58570318698,81.5789604655,5.25005318442,8.22199586758,3.84364534391,1.0,1.0
GGCCC,10.1353821307,363.24202461,10.0072700116,11.3216947173,21.0832146515,1.0,1.0
GGCCG,10.9729101919,422.126773321,12.4663688365,17.2306242157,11.7231068444,1.0,1.0
GGCCT,10.7432375028,432.175099624,31.1690250755,24.2825054709,23.4717108427,1.0,1.0
GGCGA,1.36922685556,5.21706859943,4.02553735927,1.4304641659,14.5023496057,1.0,1.0
GGCGC,5.08889248858,449.449333522,13.1796446528,9.77198429551,15.5134373317,1.0,1.0
GGCGG,2.08554239138,45.2349816456,5.01747026674,6.67510441872,5.01886298551,1.0,1.0
GGCGT,4.25103877195,84.2110630625,9.86261571067,8.70712665338,21.5718380597,0.0,1.0
GGCTA,13.1486535064,174.956463183,11.3802147211,12.6033735273,14.6834846257,1.0,1.0
GGCTC,14.923752794,300.957658534,8.08637434714,14.7449417475,19.1837564942,1.0,1.0
GGCTG,15.8029957978,566.233123022,18.2078668843,34.0484049971,21.1668777442,1.0,1.0
GGCTT,18.4856093108,489.304817339,16.9199766222,20.7509634349,28.6718235772,1.0,1.0
GGGAA,16.1151709349,351.241593469,43.635367044,18.320269266,17.6071439245,1.0,1.0
GGGAC,11.7148168851,429.65837227,20.8133613012,12.0718383582,9.82809754962,1.0,1.0
GGGAG,18.1768949269,373.392923201,26.970555692,17.1020029013,11.4427491012,1.0,1.0
GGGAT,15.2738927095,208.684284777,21.6694871559,14.5775390606,6.77521751336,1.0,1.0
GGGCA,6.09008272943,63.6769798986,36.9324433242,5.9494989004,3.61800241334,1.0,1.0
GGGCC,11.19380934,536.78354904,14.5457395549,10.3875045023,13.5783228245,1.0,1.0
GGGCG,6.41303731685,146.280148622,9.41741596817,11.6404092466,7.44251854991,1.0,1.0
GGGCT,6.39369031119,54.6973366436,64.6842476183,38.4841997578,20.5032507098,1.0,1.0
GGGGA,16.2865938063,458.937416836,26.9682340624,14.1644680748,18.3190886188,1.0,1.0
GGGGC,12.3271955082,667.519461619,10.5216875529,12.0681180618,11.9267823358,1.0,1.0
GGGGG,12.936779137,485.208260243,16.8510589289,13.6762598631,17.2249987107,1.0,1.0
GGGGT,10.9116023709,220.623391395,45.9555406801,11.9334866702,13.3594776032,1.0,1.0
GGGTA,3.9471996844,10.6364075456,22.5421815089,15.3137142002,7.19804724995,1.0,1.0
GGGTC,11.5665281736,284.10885961,16.9956443353,12.5373379899,15.5381081495,1.0,1.0
GGGTG,4.39593191725,56.490719691,7.68818736329,12.0062506306,7.05359140956,0.0,1.0
GGGTT,9.28464455117,41.5909603898,30.164930546,23.3423660648,6.26826503132,1.0,1.0
GGTAA,9.34888676878,74.1322752561,9.6192603663,9.12701675213,7.40773294367,1.0,1.0
GGTAC,4.28480749084,47.1970747515,12.9752019603,14.8083395518,7.86682584172,1.0,1.0
GGTAG,7.88434110547,39.7756539305,45.3103717272,54.1731447336,33.2315622288,1.0,1.0
GGTAT,6.72877932811,41.1114365948,11.4852885632,15.6016099605,10.3215123759,1.0,1.0
GGTCA,6.80125823697,283.013728469,5.61452610069,12.2695507565,13.7554221407,1.0,1.0
GGTCC,14.6061832256,531.46357119,9.86442405106,28.6612862377,25.7010702161,1.0,1.0
GGTCG,1.30172377681,1.3816196001,1.0238253823,9.95153258875,1.40990820177,1.0,1.0
GGTCT,7.982095265,360.984055848,11.9050505327,17.8241474639,30.3077226284,1.0,1.0
GGTGA,11.0182222779,303.854745211,10.2073607878,25.4468088327,20.460103004,1.0,1.0
GGTGC,14.0908569622,1472.69460377,9.20988429302,13.3945227174,10.2062120717,1.0,1.0
GGTGG,9.95114100167,198.756013717,18.0403349733,27.6697264855,17.7988618151,1.0,1.0
GGTGT,10.7019742777,114.411626486,12.2398926179,4.51198451681,4.78723646757,1.0,1.0
GGTTA,3.82715089118,50.9478937448,6.10038889078,14.9067276387,6.22446687787,1.0,1.0
GGTTC,14.2834480023,341.314160141,14.1324826987,39.4901395459,28.784770601,1.0,1.0
GGTTG,1.35580042644,38.1427572021,5.32445286734,4.64739754195,20.4864729941,0.0,1.0
GGTTT,6.03600326404,119.830190764,4.9877343206,7.52790397756,6.19866551001,1.0,1.0
GTAAA,7.44149950288,50.7119660234,5.06896634077,6.31937671107,3.08958378637,1.0,1.0
GTAAC,5.47086939928,23.7603218633,13.7722056646,41.0259544491,9.93995239301,1.0,1.0
GTAAG,10.7880730011,60.7510679132,32.9909975759,14.5922161447,3.969118463,1.0,1.0
GTAAT,4.34566102495,17.3457779444,4.34870293233,7.09421482147,3.2530530756,1.0,1.0
GTACA,5.52094449307,35.8804472629,7.28799546745,10.407256704,6.23008546552,1.0,1.0
GTACC,7.73806194895,46.3744935508,5.60868887,18.9475568164,8.73875268299,1.0,1.0
GTACG,5.30169424608,54.8508911908,3.83814227034,3.41077730905,3.27481609851,1.0,1.0
GTACT,6.63486281622,35.9084718616,1.9991004136,12.4726988333,6.48172747349,1.0,1.0
GTAGA,5.61692441207,27.5297818373,26.6351120028,89.7495863412,36.9806268629,1.0,1.0
GTAGC,8.58215643916,36.059291349,26.2158349778,76.2088340984,23.2011597617,1.0,1.0
GTAGG,3.73586051257,19.6366411653,5.86534598465,7.82997462729,6.92833733653,1.0,1.0
GTAGT,6.3467155271,31.2116604483,45.2231406198,140.344339019,29.914675805,1.0,1.0
GTATA,8.81247785695,41.4846053092,8.82220367057,9.49274692835,12.744908988,1.0,1.0
GTATC,5.81426922864,35.3194070449,15.7253634247,10.42675054,38.8697999615,1.0,1.0
GTATG,5.84717942234,32.84417404,6.50631475937,2.20844136351,6.74808784399,1.0,1.0
GTATT,5.65125276881,288.023435848,7.78219980357,14.0943641046,18.2323103454,1.0,1.0
GTCAA,2.89951936339,69.3793377445,11.2359600492,6.05887013187,5.15948256807,0.0,1.0
GTCAC,11.6032398456,383.028322407,14.9907425218,9.1327682594,9.93183640746,1.0,1.0
GTCAG,7.72879176096,325.391252518,13.2010345083,7.83958930702,12.0534151576,1.0,1.0
GTCAT,0.0,1.0,1.0,1.0,1.0,1.0,1.0
GTCCA,12.0321847749,430.352460902,12.3367114962,9.69994634534,8.32905198041,1.0,1.0
GTCCC,9.3429411999,420.244806407,51.5680856651,38.0654844366,45.3575580609,1.0,1.0
GTCCG,13.2760313168,539.152362405,15.7922578175,11.4746467205,20.9463947834,1.0,1.0
GTCCT,6.7012335053,314.997394017,17.1322068457,9.80846684499,16.9437465296,1.0,1.0
GTCGA,1.36435869168,38.773719327,115.013015436,71.7572006042,35.1178395053,0.0,1.0
GTCGC,2044.01871227,2223.28322605,299.581143144,259.602275482,2915.43770655,1.0,1.0
GTCGG,2.2667001605,83.2069826398,3.60169681348,4.54562851394,6.77803492109,0.0,1.0
GTCGT,2.71174006992,64.3118563889,10.6909297076,8.8212761868,7.69074461639,1.0,1.0
GTCTA,5.04085098579,65.6021904447,4.77755827157,14.5094108796,11.8477718207,1.0,1.0
GTCTC,13.6524267725,355.566372923,9.86417764387,18.1756977838,18.3355776675,1.0,1.0
GTCTG,12.3188342012,677.435763114,25.8648246535,19.6938572813,31.271050731,1.0,1.0
GTCTT,2.38532904061,87.0702714559,1.19427007593,1.39162410883,2.29357394476,1.0,1.0
GTGAA,14.1882038025,402.723293069,34.6267041656,20.9462012619,34.5632875009,1.0,1.0
GTGAC,4.34540642664,96.4761580931,16.7326731273,12.9358265288,11.6593642687,0.0,1.0
GTGAG,3.24896724348,23.7954334245,5.27329561837,3.49639662697,1.45023617151,1.0,1.0
GTGAT,2.75619139128,33.460488726,5.18887774736,3.36300863799,2.56104736274,1.0,1.0
GTGCA,14.6363404711,274.230788944,26.27943207,11.1066641687,20.7885945493,1.0,1.0
GTGCC,4.1474795357,83.9673333457,2.74930048208,2.32941340153,3.75333941323,1.0,1.0
GTGCG,6.51439501621,258.044655272,28.9436840923,8.22171859011,17.1602627048,1.0,1.0
GTGCT,5.59271625714,49.7600048318,7.72438865241,2.32724047859,3.10124558629,1.0,1.0
GTGGA,10.1316776044,308.274492963,13.5951823635,5.72252751062,11.7608619622,1.0,1.0
GTGGC,6.16580632642,168.261511574,7.59434299489,4.4236031513,8.10421427219,1.0,1.0
GTGGG,6.33330465668,256.664410353,5.78172440415,4.16862373796,10.3811027141,1.0,1.0
GTGGT,12.1143412543,145.058464512,56.0978099507,21.0443182343,21.4233470874,1.0,1.0
GTGTA,4.88002043036,10.876204762,117.656523742,119.332704872,83.3796437321,1.0,1.0
GTGTC,1.21824863175,10.9881635519,0.988680644684,1.62491608501,0.995590763799,1.0,1.0
GTGTG,8.22152249425,130.020101722,10.4058261802,6.66660634829,10.0649122649,1.0,1.0
GTGTT,1.30756232873,1.22837525862,2.31823631999,0.435313984214,0.466394715314,1.0,0.0
GTTAA,0.289395937805,5.27161641808,1.55831204753,0.779155999969,0.779155999969,1.0,1.0
GTTAC,7.06765271128,67.3374498201,15.099555367,30.1196469973,17.0620635164,1.0,1.0
GTTAG,1.07667127725,5.52406678511,0.39780479528,0.302909315004,0.349909526361,1.0,1.0
GTTAT,6.91823957327,58.0480613846,6.21783122296,16.0434967419,8.82058013641,1.0,1.0
GTTCA,4.53805258922,143.072777461,5.57725948137,10.0035141131,13.8386317774,1.0,1.0
GTTCC,6.63108317043,155.707286951,24.4796528748,14.8540864269,47.1248347131,1.0,1.0
GTTCG,0.461368859704,0.511768313718,0.346369138599,2.79405774643,0.115456384126,1.0,1.0
GTTCT,10.0728325046,398.644492265,14.4382664159,15.1848472323,25.4210223083,1.0,1.0
GTTGA,5.81602590272,268.400606336,1.5783290324,3.9114369317,3.39366460752,1.0,0.0
GTTGC,1.20917493665,33.215556914,2.52877829233,2.06037913688,1.1753282898,1.0,1.0
GTTGG,13.8386205069,458.16643888,7.9735131868,18.9651931026,19.1106327632,1.0,1.0
GTTGT,6.10406374946,67.4944291682,2.16151980151,2.88606635707,2.56733712136,1.0,1.0
GTTTA,4.29013378749,34.9648249343,2.50397593916,6.28684275212,4.05146533264,1.0,1.0
GTTTC,13.2204981507,169.848929764,7.58797445346,29.4044757758,17.5964508899,1.0,1.0
GTTTG,8.71160020489,303.427257867,2.14865320547,2.26709494203,2.6387821076,1.0,1.0
GTTTT,2.95963505546,38.4771433689,0.874556322829,1.52600879281,1.48953821184,1.0,1.0
TAAAA,4.29882987162,54.5313315256,2.46904353611,13.3866314604,1.83373571825,1.0,1.0
TAAAC,608.675151955,4001.85163004,420.568427586,631.103042242,420.386536138,1.0,1.0
TAAAG,8.59953366914,90.1026983178,5.55031539372,8.92185413894,1.18665112676,1.0,1.0
TAAAT,10.5599362351,87.801860732,31.3918851628,18.8573538358,15.8238567949,1.0,1.0
TAACA,7.962928077,88.7888260212,14.7786445299,29.4854211706,8.96378412528,1.0,1.0
TAACC,1.68738874488,14.7387765788,1.5783342359,2.18970407826,1.41079917821,1.0,1.0
TAACG,8.6131501852,77.7628530203,5.36228933733,5.25805124199,1.95514349945,1.0,1.0
TAACT,3.69866438158,38.9358609138,7.08236549463,3.68642693852,3.16107830897,1.0,1.0
TAAGA,4.60255994665,88.3230872663,5.93810539058,10.6652617831,2.14752508606,1.0,1.0
TAAGC,3.43233674331,35.5098266281,2.96561548893,8.33350399067,1.46294217111,1.0,1.0
TAAGG,11.4672018738,112.74744819,16.0010495654,12.0160553734,5.29713811088,1.0,1.0
TAAGT,0.0,1.0,1.0,1.0,1.0,1.0,1.0
TAATA,22.6807039166,146.965166064,15.0714171142,29.2430225719,12.5687366252,1.0,1.0
TAATC,4.63634229207,51.8848557778,2.12262737841,4.55124309049,1.82322932556,1.0,1.0
TAATG,4.02015781473,20.8055689253,2.05627368978,2.93576059125,1.83365942661,1.0,1.0
TAATT,5.37914877632,48.4692282198,3.76804348715,4.54442787788,1.60327541583,1.0,1.0
TACAA,6.87310857756,100.814984463,5.59733982184,3.67815125573,17.3638855924,1.0,1.0
TACAC,7.68247503506,114.409372644,4.0966402112,2.89822730941,16.4314442461,1.0,1.0
TACAG,15.0271640198,255.06763497,19.377488651,14.7347990629,38.5499558674,1.0,1.0
TACAT,5.76419809808,64.0932117617,4.43490035161,3.38186022703,24.5622261805,1.0,1.0
TACCA,7.50848210373,39.6744666704,28.6518652002,32.3239060967,36.1664381831,1.0,1.0
TACCC,1.36952540877,0.371701726808,0.949199642199,0.949199642199,1.99741598508,1.0,0.0
TACCG,3.9645748539,58.8623808531,4.65118241261,7.25011903698,6.66792258837,1.0,1.0
TACCT,5.20071636662,79.0381835135,3.85318698319,2.51961408966,21.5378130703,1.0,1.0
TACGA,3.81221509716,80.3761182044,2.07820234692,2.10726255493,6.06692406483,1.0,1.0
TACGC,8.33355345958,92.3029707565,6.97898130477,5.13491733407,65.0487702744,1.0,1.0
TACGG,7.18175294072,7.37872957161,4.12073117197,6.31003203587,62.2718951923,1.0,1.0
TACGT,NaN,NaN,1.0,1.0,1.0,1.0,1.0
TACTA,5.36469206535,32.5292562377,6.79439128527,11.5145208847,46.6242561667,1.0,1.0
TACTC,2.33354013525,15.2041042015,0.747940923567,0.737191147192,2.05989427708,1.0,0.0
TACTG,6.34992042671,53.4093402488,5.86980968646,7.39352765486,121.200847343,1.0,1.0
TACTT,2.33244101055,16.7364144883,3.07126981283,3.04658039609,8.61170947084,1.0,1.0
TAGAA,4.58205882047,33.2992317254,10.8758083233,2.80778004959,1.22523750777,1.0,1.0
TAGAC,10.6512516814,543.603529745,8.58317384469,7.48272097824,5.8299387691,1.0,1.0
TAGAG,1.04108271758,25.2864040205,5.58061846603,11.1799287372,5.2675197227,0.0,1.0
TAGAT,641.790878801,66543.3376318,2103.1403697,420.981828084,421.915529941,1.0,1.0
TAGCA,8.87951631097,22.2533025255,95.9754026288,78.0271407694,25.3625695928,1.0,1.0
TAGCC,19.2251945243,278.45776179,3.90196832801,2.63813987157,1.6028431594,1.0,1.0
TAGCG,3.64342304787,11.7256270402,4.67431567258,9.50505663105,2.30232928769,1.0,1.0
TAGCT,6.16443675577,9.59372439039,101.920217468,63.7840333128,12.5851443856,1.0,1.0
TAGGA,2.95288915877,91.4131773084,6.18908976074,2.91621376582,6.14046319204,1.0,1.0
TAGGC,2.97979896053,31.3181331726,4.03961399717,3.23664951052,1.56055864232,1.0,1.0
TAGGG,1.12839747317,16.6503881086,0.958269835129,1.2646088626,0.729413412181,1.0,1.0
TAGGT,3.49174737019,46.8415885374,1.99947343408,0.977055996674,0.977055996674,1.0,0.0
TAGTA,6.75265043329,29.4982303829,4.24471411098,3.85620754172,1.66046540404,1.0,0.0
TAGTC,11.0217297338,71.5191578923,1298.8502863,867.445883306,431.225072885,1.0,1.0
TAGTG,5.53779266492,27.738314263,22.9640576516,24.389217116,7.36146243224,1.0,1.0
TAGTT,7.05622117747,20.7060216969,59.759800198,43.7907248851,11.6544328459,1.0,1.0
TATAA,4.94940135492,71.0516350683,2.21249981564,5.80502143688,3.50123895855,1.0,1.0
TATAC,6.80823633065,49.5161513227,8.7342643324,14.4367143851,7.13114847599,1.0,1.0
TATAG,10.1730313296,80.2534112116,4.35668571544,22.9904938526,6.06199880317,1.0,1.0
TATAT,5.39117020248,78.825220315,3.52178079845,14.6680909611,6.84040561898,0.0,1.0
TATCA,2.40026050422,42.9190785492,4.06969730585,3.94091393454,9.24256032779,1.0,1.0
TATCC,13.8697909183,208.087458643,3.90212251891,7.75233515177,7.88017340889,1.0,1.0
TATCG,1.20087306153,3.31952750422,0.464942164813,0.370054250125,2.39067806876,1.0,0.0
TATCT,15.2822211012,336.829551457,3.39386245816,11.4815282088,8.06543254892,1.0,1.0
TATGA,8.74133341403,157.256293688,3.33373828012,8.83027255019,6.08479469179,1.0,1.0
TATGC,13.9159333657,222.187679414,5.94819302396,28.9576409093,11.9771470644,1.0,1.0
TATGG,9.27539487603,172.495007165,6.26824647436,28.4886290855,15.0814402131,1.0,1.0
TATGT,6.03627003954,79.7054979771,1.6948262357,7.33039274887,7.03034700215,0.0,1.0
TATTA,9.89264019416,193.909907991,1.67660893636,15.891040825,5.00058255609,1.0,1.0
TATTC,7.6141854888,77.228430053,1.46778808896,8.45568322811,3.6499107171,1.0,1.0
TATTG,14.1100710991,203.03238145,4.00845496168,32.2782829494,11.5556334289,1.0,1.0
TATTT,7.49145302423,149.965569438,2.15543547576,5.14545758975,5.12841511573,1.0,1.0
TCAAA,6.74339567192,162.252007122,4.11652779116,5.81139637274,2.46423045216,1.0,1.0
TCAAC,6.38224732693,69.3702224738,7.71349280995,8.30739238369,4.24450879278,1.0,1.0
TCAAG,11.8757665079,155.187672141,21.5010908108,25.4260989407,3.73012308112,1.0,1.0
TCAAT,2.40245399797,27.6537598194,2.98173571889,4.87794280731,1.46574890418,1.0,1.0
TCACA,5.8365702479,75.7439224644,5.18820856905,6.14148316572,3.14173544698,1.0,1.0
TCACC,12.6262691488,189.516945707,33.6799802916,33.5720858457,25.6404880614,1.0,1.0
TCACG,8.77681634731,222.923366211,8.39939818447,8.76893419177,8.57519735788,1.0,1.0
TCACT,6.94688040785,65.3631888909,19.0364039782,20.4262230298,15.0404131775,1.0,1.0
TCAGA,0.569918122384,6.84257748995,2440.39646608,1865.38819345,1581.9283719,1.0,1.0
TCAGC,7.78004529034,103.694195466,16.0821272474,22.5156837551,9.09685094785,1.0,1.0
TCAGG,7.02797220392,132.607997655,5.37052435274,10.9032296391,4.88418055487,1.0,1.0
TCAGT,9.38120873383,108.036890373,24.9899705246,27.3993597353,11.342421886,1.0,1.0
TCATA,10.124112577,120.194916382,20.3563037677,35.3794369355,13.6845577637,1.0,1.0
TCATC,4.3594476649,52.0147981058,6.3086983877,11.2931994621,5.13175990874,1.0,1.0
TCATG,0.725998799702,3.95821207639,10.5566675141,124.087549231,22.7956786456,1.0,1.0
TCATT,7.1710274299,86.2236435641,4.62360669509,7.25387344935,1.7142019148,1.0,1.0
TCCAA,12.1606292408,241.866757433,13.5455517564,27.0234642979,19.3475273349,1.0,1.0
TCCAC,2.15478103559,19.0828212548,4.45405287145,3.69435643963,6.460576146,1.0,1.0
TCCAG,8.53078772066,294.128110953,8.9315774778,5.5016392223,6.44012950608,1.0,1.0
TCCAT,4.9576055364,119.32678715,8.53448420778,4.9382590797,13.5474753684,1.0,1.0
TCCCA,8.06705036199,115.903918897,2674.949888,2674.52163761,4416.06649474,1.0,1.0
TCCCC,4.63298637088,101.994323807,3.05712943587,3.02104925423,4.70115008946,1.0,1.0
TCCCG,6.17433325255,232.77578372,8.7317950266,4.13136127187,5.27598033749,1.0,1.0
TCCCT,8.7686856366,198.70024576,21.7359793829,17.3831505724,26.4347001026,1.0,1.0
TCCGA,1.17522878184,24.5149816615,2.06671284225,1.47698438466,2.15548295262,1.0,1.0
TCCGC,8.72526205865,404.848552615,51.7465107785,53.023102925,38.9651852438,1.0,1.0
TCCGG,8.91434700145,392.404147219,17.3801651156,12.6265222649,15.0396397422,1.0,1.0
TCCGT,13.1302981848,283.379639504,15.4572099559,9.96477843751,30.0141530914,1.0,1.0
TCCTA,2.67311073059,53.2810575934,1.52281883581,2.15682287287,3.49396531296,1.0,1.0
TCCTC,3.58616627877,57.1813761902,2.03541168696,5.26725070458,5.03627674976,1.0,1.0
TCCTG,13.1341536565,263.681175893,32.6278131069,26.3972287881,54.8072927312,1.0,1.0
TCCTT,8.12269429752,103.93705488,8.15944122293,8.08145369843,14.8894538256,1.0,1.0
TCGAA,3.76985058616,197.012853847,10.0106302223,8.24517174559,8.56009849203,1.0,1.0
TCGAC,NaN,NaN,1.0,1.0,1.0,1.0,1.0
TCGAG,3.15863023873,173.992839757,6.64946514418,3.4882440761,3.80841046089,1.0,1.0
TCGAT,0.955125871098,20.7352054554,2182.99210197,1468.53210902,754.652951043,1.0,1.0
TCGCA,6.49814306151,264.102574859,4.73722516457,9.44106869778,5.76112003098,1.0,1.0
TCGCC,3.45920199914,86.8413151002,13.1456522121,3.96220347985,5.53860643329,1.0,1.0
TCGCG,NaN,NaN,1.0,1.0,1.0,1.0,1.0
TCGCT,6.36283620636,13.4413099597,12504.7629177,2199.32782116,1922.98615485,1.0,1.0
TCGGA,11.5033118392,599.958947557,8.58162201391,8.88161341209,7.56503947987,1.0,1.0
TCGGC,8.15466420816,302.291352396,7.92414851235,6.94015865348,7.12391845931,1.0,1.0
TCGGG,5.95431729604,350.114379469,3.53495405797,7.01789214244,7.79084669568,1.0,1.0
TCGGT,2.61714919994,80.5811606123,2.51170333355,3.0144111871,1.51942601635,1.0,1.0
TCGTA,1.47484806135,9.15276187211,892.857440179,223.090662472,669.24436056,1.0,1.0
TCGTC,0.707702688837,15.1459378235,2.76488647444,2.02343019805,1.25876024713,1.0,1.0
TCGTG,2.50970247027,19.5629883278,5.65517940629,1.69264774165,1.62267934231,1.0,1.0
TCGTT,1.44535912486,19.1810059274,1.06880776442,0.727379232797,0.372908349566,1.0,1.0
TCTAA,2.2639090672,36.5605121299,1.48433848729,3.11767879752,2.03720690106,1.0,1.0
TCTAC,11.7003823824,176.545937507,7.80979183266,8.8107868329,6.49069440143,1.0,1.0
TCTAG,3.23342299251,14.6347298869,1.41213442487,4.46009254132,6.76010522629,1.0,1.0
TCTAT,6.88901359487,49.6635722042,3.80538079504,9.68371981065,4.67202932899,1.0,1.0
TCTCA,8.07856174435,99.7289669144,4.16344644131,3.45455463348,27.0958861914,1.0,1.0
TCTCC,12.0942950299,298.07735577,57.7065598243,83.7973932857,99.1903618031,1.0,1.0
TCTCG,1025.1173039,11035.7817685,5346.54826142,6708.76585719,3513.2762311,1.0,1.0
TCTCT,10.72135754,179.132331915,11.875345211,49.9176059517,27.7901314373,1.0,1.0
TCTGA,12.2782686791,273.047120533,8.29054306522,13.8714131711,14.6550855967,1.0,1.0
TCTGC,1.19964564031,30.8500709752,15.5382211997,13.7544616803,36.5395120295,0.0,1.0
TCTGG,5.88236266708,77.4661026995,15.9592352073,50.0038816675,55.3402789795,0.0,1.0
TCTGT,12.6954813165,271.880896357,7.48128215671,15.2079839196,15.6782752699,1.0,1.0
TCTTA,7.49281529306,107.340754012,1.58657353156,2.54182078911,3.52672825503,1.0,1.0
TCTTC,2.74793672008,106.740169448,2.17986359559,2.85960673551,4.78738480272,1.0,1.0
TCTTG,2698.1722764,8237.69701833,1573.42955539,6528.14274536,967.834127433,1.0,1.0
TCTTT,4.3386693225,52.4087223199,3.50066284926,5.01959922713,5.21262666383,1.0,1.0
TGAAA,10.7732426567,162.009275675,23.6844171694,24.5718073352,3.95098326287,1.0,1.0
TGAAC,4.76149253052,52.8749859612,14.8870032552,56.4411717684,4.63759138778,1.0,1.0
TGAAG,15.9416004643,352.632801731,4.05820038658,3.92937421835,1.37478551757,1.0,0.0
TGAAT,3.08508885632,34.193088477,8.29088221817,6.68275285308,1.80557527361,1.0,1.0
TGACA,2.27686491535,50.2835908308,2.41926444221,2.35377171421,0.837904729177,1.0,1.0
TGACC,15.0043582537,565.729087685,16.9644559444,33.4814346082,14.6592409672,1.0,1.0
TGACG,9.87864935188,332.958952791,5.98189277867,8.13961375361,1.98043131732,1.0,1.0
TGACT,13.9614299469,336.791342592,13.6265642659,13.9763568929,7.02323233711,1.0,1.0
TGAGA,8.61226019326,134.794795342,26.5292100943,25.0577866669,8.65960010605,1.0,1.0
TGAGC,6.85810304274,80.2366361392,19.7328244422,33.5937742296,9.79695499994,1.0,1.0
TGAGG,10.0077189708,270.109115659,36.2870091381,26.1799836721,10.0508283446,1.0,1.0
TGAGT,5.35551028226,182.844288228,5.43878193689,8.81770099793,3.5346869161,1.0,1.0
TGATA,11.9479615933,225.769291925,10.4319211629,7.61803539293,4.95219506455,1.0,1.0
TGATC,8.83714091344,140.208205655,6.01825037233,10.4509615677,3.25378244357,1.0,1.0
TGATG,5.75711934169,75.8069157856,17.2250732542,27.9523697736,8.53491816447,0.0,1.0
TGATT,7.22814744318,129.513099676,15.0896950386,11.5115571431,6.80740824591,1.0,1.0
TGCAA,6.04040616419,79.3507021049,5.57225804122,15.33936724,11.245900361,1.0,1.0
TGCAC,5.65793738156,75.7169517947,17.8804659571,8.61837519772,16.1706098056,0.0,1.0
TGCAG,5.325517544,69.2867163026,23.7286031523,16.5683523118,38.1785673666,0.0,1.0
TGCAT,1.41724021915,12.5087998231,2.43599287896,1.08100653526,2.88489814526,1.0,1.0
TGCCA,8.53486731374,70.2491926645,10.3783060009,19.8511096431,15.2165159252,1.0,1.0
TGCCC,9.100569892,304.243879273,6.9024139516,6.28637887912,9.42143011345,1.0,1.0
TGCCG,5.3365011242,97.9872725962,3.01147224106,1.90883859118,6.0118378102,1.0,1.0
TGCCT,3.31592417786,47.6935028713,2.78111930088,1.54663043031,8.73065066775,1.0,1.0
TGCGA,7.6429878998,301.747035303,6.27099557363,7.6782364223,28.5993597652,1.0,1.0
TGCGC,16.9676278142,900.372029226,12.5071795927,11.4757778945,17.7919479232,1.0,1.0
TGCGG,5.3983446292,105.164387416,2.56908165697,5.47488023489,4.70571013693,1.0,1.0
TGCGT,5.8595354696,48.7816401821,6.70630875721,2.6002327668,2.93335389424,1.0,1.0
TGCTA,7.51406389991,48.9150422293,9.59687157534,26.281315073,18.5053160217,1.0,1.0
TGCTC,0.582670550791,6.62867105898,152.274766639,609.093821618,457.241076901,1.0,1.0
TGCTG,5.88363788135,29.5046311649,2.70480825064,5.5843896206,6.14446583826,1.0,1.0
TGCTT,5.14908097833,71.2758338923,2.01903730686,2.69834696946,3.87509662483,1.0,1.0
TGGAA,12.6117733795,251.550955553,19.4479042619,12.4956227631,6.35856977744,1.0,1.0
TGGAC,8.90601674079,475.67084367,10.8503205322,5.98591629565,6.46291289079,1.0,1.0
TGGAG,12.0746758673,454.688674047,4.25680352421,10.8239126086,5.41428682782,1.0,1.0
TGGAT,4.08466902875,91.2912201081,13.2205863379,18.4753476143,10.3410923946,0.0,1.0
TGGCA,6.41017069527,46.8360167303,28.7723069565,31.2337584659,16.554299284,1.0,1.0
TGGCC,2.81220191023,52.1983575179,1.49518323934,3.05734107162,1.42704208729,1.0,1.0
TGGCG,629.428069337,6497.60724266,4.96012575451,1.75859903156,3.66876801929,1.0,1.0
TGGCT,5.26007602692,25.3156949888,29.5636020892,19.4352822378,10.982319002,1.0,1.0
TGGGA,15.3363110353,350.14644341,13.536864837,11.6772963638,5.87819224943,1.0,1.0
TGGGC,5.13280151337,179.05197723,7.44355773812,3.96734703359,5.31007009258,1.0,1.0
TGGGG,8.64162335186,462.98752655,16.5883552734,27.0755186778,31.0434763173,1.0,1.0
TGGGT,11.0604591931,443.607149546,11.9022003133,16.6384217564,13.6225659884,1.0,1.0
TGGTA,7.59706933484,46.4166745213,72.4945834275,33.1133664933,19.726822589,1.0,1.0
TGGTC,11.5161338784,495.518706421,16.8290595789,13.8102435026,22.8373111291,1.0,1.0
TGGTG,16.1413239301,301.740956315,17.3990435888,17.4975882726,12.3416753718,1.0,1.0
TGGTT,6.87958476638,48.5080044073,32.8462161202,18.0850399579,8.77489023765,1.0,1.0
TGTAA,17.0219395114,326.756850752,3.83239425263,19.5363320696,6.29396202305,1.0,1.0
TGTAC,10.142683429,150.008594591,0.979408741812,1.99957591016,0.979408741812,1.0,0.0
TGTAG,2.48003896771,4.1974877436,0.499749187307,1.78604385571,0.634025266644,1.0,1.0
TGTAT,12.4727260011,460.247751408,7.84160740425,10.111685179,18.2346885898,1.0,1.0
TGTCA,7.98253585914,256.283798754,1.8508068372,1.95127910871,3.48063148497,1.0,1.0
TGTCC,9.68589969474,423.71005116,8.18834128908,14.8844872299,11.8706240815,1.0,1.0
TGTCG,4.23187972298,26.7466983224,625.170236924,695.572678741,2571.22931166,1.0,1.0
TGTCT,7.30609026621,248.295567492,9.20875748788,44.4162089169,25.1318801816,1.0,1.0
TGTGA,11.7983835852,440.890148622,3.91097358862,7.81149511746,13.0254777763,1.0,1.0
TGTGC,13.1984196289,413.486424451,2.094536347,12.9792649106,7.57178197576,1.0,1.0
TGTGG,9.23274876972,122.903678653,3.67377467434,13.6435836261,8.64005795012,1.0,1.0
TGTGT,8.40471912258,313.966497282,6.80629633339,17.7404727422,12.2836413091,1.0,1.0
TGTTA,1.58756804376,13.101248334,365.162855495,2557.88962735,729.91729899,1.0,1.0
TGTTC,2.44988862768,32.2222146881,0.646411942434,2.80579803803,2.61215927047,1.0,1.0
TGTTG,4.4547199358,118.848839585,1.83913344435,11.3663439711,5.04599353753,1.0,1.0
TGTTT,5.72463146642,194.819303035,2.20122380248,7.13526979182,5.75266270424,1.0,1.0
TTAAA,2.12130469159,116.723948399,2.93598776669,1.41054606293,1.55431014078,0.0,1.0
TTAAC,0.16589274937,2.41527032928,1.10841618291,1.85898975688,0.499617617353,1.0,0.0
TTAAG,0.138336228099,8.14337071724,1.66666666667,0.666666666667,0.666666666667,1.0,0.0
TTAAT,2.84860364972,17.0321485483,2.48981666403,6.84958146166,1.76245296937,1.0,1.0
TTACA,7.30225924692,91.0838476224,8.75147736073,3.73237496637,9.7586669238,1.0,1.0
TTACC,5.47005936022,45.7971545085,9.18110457529,17.777418257,21.6778371972,1.0,1.0
TTACG,2.36596621183,28.5916235028,1.85480630075,0.861867119358,3.03924005348,1.0,1.0
TTACT,7.04772749064,85.5501571782,8.55473087161,3.84744853332,38.3321374075,1.0,1.0
TTAGA,12.2403597224,253.087879108,3.60849361109,3.93535471295,1.55332243565,1.0,0.0
TTAGC,5.58587151295,43.2850706296,19.0277884912,29.526570695,7.94086989362,1.0,1.0
TTAGG,0.0,1.0,1.0,1.0,1.0,1.0,1.0
TTAGT,11.6532226535,120.289837424,11.3166737833,31.5990465153,7.63920029133,1.0,1.0
TTATA,6.71160883713,65.8822000283,11.6374786131,20.0149158613,10.9070859746,1.0,1.0
TTATC,2.14709957633,12.6489728261,2.71886039875,2.90713174962,2.21922107331,1.0,1.0
TTATG,6.48765011132,62.3658471276,13.1767985061,4.92797119684,25.5104405784,1.0,1.0
TTATT,2.69260541963,34.9004395658,4.6994317321,2.72873132123,4.49784937259,1.0,1.0
TTCAA,12.2837770513,313.427571819,4.8521105991,5.00658703405,3.34797809546,1.0,1.0
TTCAC,15.0294035181,393.274487482,11.835639516,7.13556324486,21.5163197341,1.0,1.0
TTCAG,5.68603245479,76.0983017717,20.7296740385,12.26493478,37.6130149751,0.0,1.0
TTCAT,3.71267228153,81.742543368,12.8321275294,10.1645986181,11.9369661291,0.0,1.0
TTCCA,8.96712136819,168.575031481,12.2756351666,8.17107438081,30.8799267518,1.0,1.0
TTCCC,0.75655673076,2.98291219988,2.30507060352,4.23312550401,4.88582953746,1.0,1.0
TTCCG,2.89390958038,54.2092996894,3.09080437376,2.20379227698,8.08644309038,1.0,1.0
TTCCT,6.0537756286,241.38553264,10.5149591329,7.67149931441,11.1960042831,1.0,1.0
TTCGA,0.913625443482,26.4418700927,0.9321727536,1.19767590389,0.730721267688,1.0,1.0
TTCGC,2.87569921442,30.4838232741,1.42966633241,1.01970580105,2.1442974031,1.0,1.0
TTCGG,6.61036881361,384.619734055,3.58880096808,5.04107793342,6.254550482,1.0,1.0
TTCGT,17.584930195,30.980646647,0.543079437305,0.384302066806,2.27741507118,1.0,0.0
TTCTA,2.01532333524,15.5411427737,1.04503486093,2.46658962547,6.65164502825,1.0,1.0
TTCTC,6.92224998931,110.948117417,3.77917712528,10.093888368,15.1157181526,1.0,1.0
TTCTG,5.5461056667,139.548724288,10.1517247766,4.32495331404,13.8499603246,1.0,1.0
TTCTT,79.42819209,2427.72494467,1.0,1.70710678119,0.292893218813,1.0,0.0
TTGAA,8.24919249202,202.837783743,5.56385960365,2.79630278879,3.78799315865,1.0,1.0
TTGAC,1.90331192573,5.06666419228,0.690820278366,1.0898229982,0.281660725814,1.0,1.0
TTGAG,9.10152239879,379.964698509,1.89622547748,4.68385559171,2.31324073299,1.0,1.0
TTGAT,3.20981217363,37.1590407294,11.0315824552,7.84730297914,3.75280061697,1.0,1.0
TTGCA,12.2938272877,445.982655705,9.03488973844,2.62970220435,9.43602475098,1.0,1.0
TTGCC,0.273834078602,2.39441339245,2.18784652093,0.535012469156,0.7666757737,1.0,0.0
TTGCG,NaN,NaN,1.0,1.0,1.0,1.0,1.0
TTGCT,17.5639076084,2.66522908813,1.99924175141,0.972468906237,0.972468906237,1.0,0.0
TTGGA,12.3194188892,382.172992766,20.2364478989,16.2732349487,20.3872728485,1.0,1.0
TTGGC,2.75583549913,146.80101413,7.48714547676,2.39941241921,7.73155172831,1.0,1.0
TTGGG,2.72190033767,157.558234173,8.05230828372,6.09210929641,11.4227674766,0.0,1.0
TTGGT,12.8000587914,249.07343804,21.218398936,14.3119008914,7.47972476143,1.0,1.0
TTGTA,8.35794620286,25.0435447843,3.48825318204,4.20955873585,1.64550370069,1.0,0.0
TTGTC,4.27119906535,103.78620194,1.4814477001,1.04170224057,0.97706078203,1.0,1.0
TTGTG,3.06851292108,98.2340622627,2.10821528018,3.19908232322,2.35234056645,1.0,1.0
TTGTT,3.447969125,11.6821178347,2.93167595489,0.592674796522,0.495694557476,1.0,1.0
TTTAA,0.751866155104,25.7791191728,1.33333333333,1.33333333333,0.333333333333,1.0,0.0
TTTAC,7.30322818624,71.011884308,3.50026155125,24.6113896381,3.68232841418,1.0,1.0
TTTAG,6.82648497626,57.8733876841,4.40983035922,31.7542453891,7.36870221406,1.0,1.0
TTTAT,3.0328584735,18.7680564642,9.5354246745,3.97591230404,5.60924098145,1.0,1.0
TTTCA,9.98209556208,131.137263861,6.178332627,7.30221233942,24.9406644596,1.0,1.0
TTTCC,6.30052688437,216.866792856,2.20293574665,5.18317077908,7.19254634141,1.0,1.0
TTTCG,2.37149598661,54.3955306384,0.726815906578,1.54192478382,2.23294953533,1.0,1.0
TTTCT,4.12310696177,95.2645026803,0.689292711401,3.02745225729,2.42485382042,1.0,1.0
TTTGA,6.13797770824,128.271056033,1.94733372333,9.85090672578,6.22379926805,1.0,1.0
TTTGC,3.04507332143,5.41085479793,0.553869277023,3.04312808335,2.78859309074,1.0,1.0
TTTGG,12.8026496284,204.384150146,4.20671115445,8.88883881025,8.82637961014,1.0,1.0
TTTGT,6.77415645476,241.655006222,0.705430570817,2.59776970472,3.37850810035,1.0,1.0
TTTTA,0.278226974645,0.971271499056,11.4523637751,23.478298367,15.9346354536,0.0,1.0
TTTTC,2.64350614805,67.8487226481,0.849968790342,2.45999576214,1.89975701996,1.0,1.0
TTTTG,2.37029816528,43.0912604168,2.00401165646,1.10535351777,1.31784476619,1.0,1.0
TTTTT,1.67907826128,28.8059003179,1.39685179668,2.82980429312,1.38747495425,1.0,1.0
