AAAAA,0.0271154470548
AAAAC,0.0267398683148
AAAAG,0.011986931911
AAAAT,0.0761983461168
AAACA,0.0257814009334
AAACC,0.0233146688691
AAACG,0.190886524783
AAACT,0.0347022955535
AAAGA,0.0158552507909
AAAGC,0.019702554865
AAAGG,0.0173830938525
AAAGT,0.153369174284
AAATA,0.0494277270829
AAATC,0.0408612125665
AAATG,0.0108010613958
AAATT,0.102674859922
AACAA,0.0514259043091
AACAC,0.018730679115
AACAG,0.0250963549027
AACAT,0.0288936296884
AACCA,0.0462590264655
AACCC,0.0293143796583
AACCG,0.0518686863851
AACCT,0.437414722574
AACGA,0.220148595565
AACGC,0.0280717261177
AACGG,
AACGT,0.25712364026
AACTA,0.0822225781047
AACTC,0.0482768525734
AACTG,0.0434789754765
AACTT,0.0
AAGAA,0.0118100458541
AAGAC,0.00486972433073
AAGAG,0.0111045586552
AAGAT,0.0233453072369
AAGCA,0.099083123354
AAGCC,0.00743907225249
AAGCG,0.0288378319583
AAGCT,0.0770880362155
AAGGA,0.00948721168681
AAGGC,0.00281823211494
AAGGG,0.00277968136741
AAGGT,0.0167230087272
AAGTA,0.0676399182567
AAGTC,0.0300924347169
AAGTG,0.0139712279666
AAGTT,0.0601148252927
AATAA,0.0593545431521
AATAC,0.14301184827
AATAG,0.0655757702124
AATAT,0.0266660249243
AATCA,0.0221239326063
AATCC,0.0119858993977
AATCG,0.155395390127
AATCT,0.0178241816027
AATGA,0.00280216777017
AATGC,0.0229631940124
AATGG,0.0382022770435
AATGT,0.0290605173078
AATTA,0.0536133363844
AATTC,0.0248766101933
AATTG,0.0380485934799
AATTT,0.0984157663638
ACAAA,0.0128383705325
ACAAC,0.00895712571015
ACAAG,0.00725390496068
ACAAT,0.014304288207
ACACA,0.0188493894353
ACACC,0.0166584669431
ACACG,0.00556147060618
ACACT,0.0255870770904
ACAGA,0.0118037670173
ACAGC,0.0116677276696
ACAGG,0.00910141187006
ACAGT,0.00797631588523
ACATA,0.0134575779449
ACATC,0.0461335763689
ACATG,0.01940932248
ACATT,0.00677850232523
ACCAA,0.0164385515337
ACCAC,0.0210469129675
ACCAG,0.00961000707106
ACCAT,0.005965390177
ACCCA,0.0101314490656
ACCCC,0.00751065893728
ACCCG,0.00791493702893
ACCCT,0.00534307053571
ACCGA,0.0119669641643
ACCGC,0.00786589550975
ACCGG,0.0453633316829
ACCGT,0.0095037691995
ACCTA,0.0298377369854
ACCTC,0.0242764905689
ACCTG,0.0232366003685
ACCTT,0.0240683960372
ACGAA,0.0123080089726
ACGAC,0.0041366523367
ACGAG,0.00459540064468
ACGAT,0.0769225274646
ACGCA,0.0119450936862
ACGCC,0.0130663937481
ACGCG,0.00772847339019
ACGCT,0.0690825951692
ACGGA,0.0125315179726
ACGGC,0.00837160039727
ACGGG,0.323459496872
ACGGT,0.0555219333042
ACGTA,0.043779308428
ACGTC,0.0187038466812
ACGTG,0.288675134595
ACGTT,0.0
ACTAA,0.228945762592
ACTAC,0.00736560128491
ACTAG,0.0390802456301
ACTAT,0.0233470699809
ACTCA,0.019385223346
ACTCC,0.00754059411392
ACTCG,0.0263575419498
ACTCT,0.00591181766876
ACTGA,0.00977918705225
ACTGC,0.0405376837997
ACTGG,0.0036517572299
ACTGT,0.00247271261514
ACTTA,0.0
ACTTC,0.0671832568447
ACTTG,0.0987897615932
ACTTT,0.0340263442649
AGAAA,0.0505044201482
AGAAC,0.00679029615759
AGAAG,0.0132910101335
AGAAT,0.0207979940589
AGACA,0.00275151562899
AGACC,0.00607620603781
AGACG,0.31438467708
AGACT,0.00695350387988
AGAGA,0.0114841946641
AGAGC,0.0119142463064
AGAGG,0.00684497078802
AGAGT,0.00782206618834
AGATA,0.00874485477124
AGATC,0.0234377848005
AGATG,0.032137035342
AGATT,0.00646230954523
AGCAA,0.0559278230524
AGCAC,0.044728589849
AGCAG,0.0334479510356
AGCAT,0.0521395598693
AGCCA,0.035226575781
AGCCC,0.0484020720087
AGCCG,0.0626617680935
AGCCT,0.0160630915389
AGCGA,0.305351326385
AGCGC,0.0146684200015
AGCGG,0.057626399066
AGCGT,0.0544773265829
AGCTA,0.132583356323
AGCTC,0.0955375497473
AGCTG,0.05017415093
AGCTT,0.0595096172279
AGGAA,0.0109082646044
AGGAC,0.0030368648866
AGGAG,0.00634734349663
AGGAT,0.0591974219309
AGGCA,0.0307673507415
AGGCC,0.00500689179255
AGGCG,0.0116498968922
AGGCT,0.0322572275671
AGGGA,0.00842637125129
AGGGC,0.00705979109327
AGGGG,0.00347299705537
AGGGT,0.0118519936636
AGGTA,0.0114457084126
AGGTC,0.00525992529203
AGGTG,0.00193633862277
AGGTT,0.0327364183301
AGTAA,0.0305556012652
AGTAC,0.0829072473429
AGTAG,0.043590231326
AGTAT,0.0374876963301
AGTCA,0.0124056153295
AGTCC,0.00681444252963
AGTCG,0.00920886089421
AGTCT,0.00420582189167
AGTGA,0.0174693005183
AGTGC,0.0141472048725
AGTGG,0.0058432508483
AGTGT,0.0136352332803
AGTTA,0.0669797690877
AGTTC,0.0114841614482
AGTTG,0.0124606073096
AGTTT,0.00902875904726
ATAAA,0.0736497529461
ATAAC,0.0534657761768
ATAAG,0.0324676969263
ATAAT,0.0799765611673
ATACA,0.0150829514984
ATACC,0.0456575008849
ATACG,0.0107222418976
ATACT,0.0285919153777
ATAGA,0.159411732585
ATAGC,0.0587567678055
ATAGG,0.0348347114034
ATAGT,0.0271373508554
ATATA,0.0654561394611
ATATC,0.107466966539
ATATG,0.0549289890014
ATATT,0.00388613613023
ATCAA,0.0100689214207
ATCAC,0.0377289829156
ATCAG,0.0160745612368
ATCAT,0.0111750732837
ATCCA,0.0390171421725
ATCCC,0.021137186241
ATCCG,0.0110285330636
ATCCT,0.0489054141754
ATCGA,0.0118351385048
ATCGC,0.00982892739115
ATCGG,0.00718584002661
ATCGT,0.0382034457842
ATCTA,0.0390379999494
ATCTC,0.0128482014257
ATCTG,0.0196101109325
ATCTT,0.0374029037152
ATGAA,0.0113476772404
ATGAC,0.0218190063231
ATGAG,0.0068860787708
ATGAT,0.00587415244693
ATGCA,0.0407272000952
ATGCC,0.022521606961
ATGCG,0.010993413726
ATGCT,0.0459828863013
ATGGA,0.00368115626949
ATGGC,0.00277487455396
ATGGG,0.00994241699793
ATGGT,0.00493564293584
ATGTA,0.0765086859977
ATGTC,0.0796280501764
ATGTG,0.0781658455098
ATGTT,0.030767012299
ATTAA,0.0495676257515
ATTAC,0.0105949576477
ATTAG,0.0382947432215
ATTAT,0.0267416403036
ATTCA,0.0034812727502
ATTCC,0.0169657077043
ATTCG,0.0230302208959
ATTCT,0.0241910267214
ATTGA,0.0236014523882
ATTGC,0.279726523566
ATTGG,0.0141763429894
ATTGT,0.0504572060635
ATTTA,0.0327127514626
ATTTC,0.38641708487
ATTTG,0.0
ATTTT,0.0175044216623
CAAAA,0.0155526419737
CAAAC,0.0577344483205
CAAAG,0.0298468336708
CAAAT,0.0311108518267
CAACA,0.0362682339641
CAACC,0.0205479754972
CAACG,0.0122967857954
CAACT,0.0236800537909
CAAGA,0.0141388802837
CAAGC,0.0180620361841
CAAGG,0.0243624181502
CAAGT,0.0315693097556
CAATA,0.0492684139145
CAATC,0.0540507875609
CAATG,0.031182660515
CAATT,0.01594498233
CACAA,0.0115630738748
CACAC,0.00836330906646
CACAG,0.00624530988087
CACAT,0.0125436765494
CACCA,0.0117896313243
CACCC,0.0144827045765
CACCG,0.0417699989923
CACCT,0.0403284755834
CACGA,0.00897915312272
CACGC,0.007793209961
CACGG,0.00243946042699
CACGT,0.0129247820934
CACTA,0.0373126361076
CACTC,0.041018916452
CACTG,0.0372930920605
CACTT,0.0907828340367
CAGAA,0.00885031617716
CAGAC,0.0036940321119
CAGAG,0.00325961824352
CAGAT,0.0103206517305
CAGCA,0.0929719973726
CAGCC,0.0083498986056
CAGCG,0.0332692691234
CAGCT,0.0555817288961
CAGGA,0.0250689211481
CAGGC,0.00237578116691
CAGGG,0.00935530922063
CAGGT,0.00539005660189
CAGTA,0.0447606258177
CAGTC,0.0142791488426
CAGTG,0.0262724518789
CAGTT,0.0393637586227
CATAA,0.0333811846991
CATAC,0.032831683893
CATAG,0.0440658516836
CATAT,0.061295404699
CATCA,0.0105401863281
CATCC,0.0269660127237
CATCG,0.0130774562271
CATCT,0.00630804069302
CATGA,0.00340995767935
CATGC,0.00327883804082
CATGG,0.00402803474699
CATGT,0.0110230568748
CATTA,0.00755835872846
CATTC,0.163389947868
CATTG,0.144419566271
CATTT,0.0462851388946
CCAAA,0.0324157833487
CCAAC,0.019911630698
CCAAG,0.0131177522735
CCAAT,0.0723051433074
CCACA,0.00712346141285
CCACC,0.121978332914
CCACG,0.0346033988086
CCACT,0.0732945836545
CCAGA,0.0115922251869
CCAGC,0.00645333946209
CCAGG,0.0119095042835
CCAGT,0.0285922969554
CCATA,0.00888260478068
CCATC,0.0210167232878
CCATG,0.0279430831748
CCATT,0.0263233186883
CCCAA,0.0522852893103
CCCAC,0.0103814795315
CCCAG,0.00345922231402
CCCAT,0.00523261523632
CCCCA,0.00252540378069
CCCCC,0.00593289611157
CCCCG,0.00714129518729
CCCCT,0.00468918264101
CCCGA,0.00669751552028
CCCGC,0.0154198572542
CCCGG,0.0441883066167
CCCGT,0.00261887786173
CCCTA,0.00756334986369
CCCTC,0.00506082142232
CCCTG,0.0043520885107
CCCTT,0.0139260758684
CCGAA,
CCGAC,0.00892081253596
CCGAG,0.00229371227762
CCGAT,0.00414304806282
CCGCA,0.0201625632414
CCGCC,0.00274558880727
CCGCG,0.00413320110791
CCGCT,0.0229147112763
CCGGA,0.0041305235016
CCGGC,0.00696592618776
CCGGG,0.0055829017667
CCGGT,0.00329289778932
CCGTA,0.0495475879186
CCGTC,0.00906636477333
CCGTG,0.0135817209828
CCGTT,0.298689851982
CCTAA,0.0445671905318
CCTAC,0.0213527912533
CCTAG,0.0386522732572
CCTAT,0.0363903043723
CCTCA,0.00579371419013
CCTCC,0.0154733316699
CCTCG,0.006500478138
CCTCT,0.00747058131483
CCTGA,0.00326167026402
CCTGC,0.00383084056131
CCTGG,0.0257804983903
CCTGT,0.00306740867867
CCTTA,0.0053591606107
CCTTC,0.014090255457
CCTTG,0.0181377901697
CCTTT,0.0190115764859
CGAAA,0.000523188231937
CGAAC,0.244513811526
CGAAG,0.349286362616
CGAAT,0.0259060182901
CGACA,0.0196680302412
CGACC,0.129099444874
CGACG,0.0
CGACT,0.137158524231
CGAGA,0.000593013501088
CGAGC,0.0175905668629
CGAGG,0.00741420595526
CGAGT,0.016564403793
CGATA,
CGATC,0.0348435319248
CGATG,0.0
CGATT,0.0174220606405
CGCAA,0.0
CGCAC,0.00959501256342
CGCAG,0.00439734892683
CGCAT,0.0672904158957
CGCCA,0.00743613073098
CGCCC,0.0749025240126
CGCCG,0.00479963123802
CGCCT,0.0220332421273
CGCGA,0.0257541652118
CGCGC,0.014776700038
CGCGG,0.00349055965553
CGCGT,0.00888645142556
CGCTA,0.0413475703922
CGCTC,0.0115965901761
CGCTG,0.0417161205797
CGCTT,0.0850594792631
CGGAA,0.0254639188392
CGGAC,0.00467274568512
CGGAG,0.00499991716164
CGGAT,0.0268560594211
CGGCA,0.0236868121689
CGGCC,0.00238198827564
CGGCG,0.0922343764586
CGGCT,0.0229031024492
CGGGA,0.00416832275126
CGGGC,0.00612914030272
CGGGG,0.00985980587813
CGGGT,0.241829010497
CGGTA,0.170084867631
CGGTC,0.0112666093795
CGGTG,0.0178932029009
CGGTT,0.032492463617
CGTAA,
CGTAC,0.129717140572
CGTAG,0.0622115957668
CGTAT,0.0363880884021
CGTCA,0.0163454262427
CGTCC,0.0108401954753
CGTCG,0.02414990082
CGTCT,0.0179594396421
CGTGA,0.00546134165976
CGTGC,0.0
CGTGG,0.00655827773425
CGTGT,0.00278884854427
CGTTA,0.0392837100659
CGTTC,
CGTTG,0.0849765939262
CGTTT,0.19245008973
CTAAA,0.0841535627612
CTAAC,0.0932485119342
CTAAG,0.0465819792924
CTAAT,0.13834274357
CTACA,0.0156218433117
CTACC,0.0289017921463
CTACG,0.007852274487
CTACT,0.0597102501399
CTAGA,0.0597572391849
CTAGC,0.0250099323494
CTAGG,0.119630992494
CTAGT,0.0713080398773
CTATA,0.0488472715274
CTATC,0.095556896755
CTATG,0.0253034334767
CTATT,0.047425858214
CTCAA,0.00661071730824
CTCAC,0.00557802775117
CTCAG,0.00342460067551
CTCAT,0.00622789583007
CTCCA,0.00372217674014
CTCCC,0.00928071249518
CTCCG,0.0120004677923
CTCCT,0.00507279199388
CTCGA,0.257017197243
CTCGC,0.0189345995548
CTCGG,0.0120128367633
CTCGT,0.0297281987472
CTCTA,0.0435469215482
CTCTC,0.0077085451897
CTCTG,0.00489261450677
CTCTT,0.0716814194519
CTGAA,0.0169571136393
CTGAC,0.00482312972896
CTGAG,0.00888547443441
CTGAT,0.0200675371734
CTGCA,0.0263017479743
CTGCC,0.00596215641456
CTGCG,0.00403057254822
CTGCT,0.0464479949706
CTGGA,0.00430126327449
CTGGC,0.00378314906786
CTGGG,0.00227829638357
CTGGT,0.0035228037836
CTGTA,0.0367631046621
CTGTC,0.0033392069201
CTGTG,0.00424981854252
CTGTT,0.0245809635955
CTTAA,
CTTAC,0.0743045907405
CTTAG,0.0336279109212
CTTAT,0.0241353262778
CTTCA,0.00539938655087
CTTCC,0.0338500942832
CTTCG,0.00492142894543
CTTCT,0.00865234569817
CTTGA,0.0187184429764
CTTGC,0.023773797576
CTTGG,0.00651458710227
CTTGT,0.0127723154135
CTTTA,0.00462249207826
CTTTC,0.0234296238603
CTTTG,0.0310168803971
CTTTT,0.103182539377
GAAAA,0.0374217822978
GAAAC,0.0290480017052
GAAAG,0.0156189756
GAAAT,0.0573495936402
GAACA,0.0177961002845
GAACC,0.0167314696778
GAACG,
GAACT,0.015986920874
GAAGA,0.0259384752091
GAAGC,0.0319943143265
GAAGG,0.0366223771683
GAAGT,0.0157072503135
GAATA,0.0714643004812
GAATC,0.0800797432746
GAATG,0.0482553278297
GAATT,0.0520182104178
GACAA,0.0037441696276
GACAC,0.00464527843655
GACAG,0.00649568621972
GACAT,0.0128825821638
GACCA,0.0228601835591
GACCC,0.00318730540503
GACCG,0.00496081034026
GACCT,0.00609955938241
GACGA,0.00526132989902
GACGC,0.0928476690885
GACGG,0.109407931769
GACGT,0.707106781187
GACTA,0.029318474719
GACTC,0.0100175898855
GACTG,0.0041854975657
GACTT,0.0866687455904
GAGAA,0.041921925784
GAGAC,0.00368775935354
GAGAG,0.00745748579232
GAGAT,0.0650685341853
GAGCA,0.0749934525825
GAGCC,0.0166292592572
GAGCG,0.180129295486
GAGCT,0.105632249644
GAGGA,0.0717327209355
GAGGC,0.0035384037699
GAGGG,0.00808245050617
GAGGT,0.0435406510766
GAGTA,0.0764351400578
GAGTC,0.0159547323864
GAGTG,0.0119962691477
GAGTT,0.0761431232496
GATAA,0.124938819652
GATAC,0.0182369331592
GATAG,0.0177440757211
GATAT,0.109785436694
GATCA,0.0125538683126
GATCC,0.00590175910669
GATCG,0.00559990681151
GATCT,0.0102030048246
GATGA,0.013833646286
GATGC,0.017012165288
GATGG,0.0185110047149
GATGT,0.0285830975238
GATTA,0.0208926426372
GATTC,0.0127755146053
GATTG,0.00552191224054
GATTT,0.210818510678
GCAAA,0.00795107916819
GCAAC,0.0176615694403
GCAAG,0.016262658123
GCAAT,0.0231058754601
GCACA,0.0117217726886
GCACC,0.0385826841087
GCACG,0.051336266701
GCACT,0.0146701257653
GCAGA,0.0230923395074
GCAGC,0.0102677832789
GCAGG,0.0157206920034
GCAGT,0.0071339252082
GCATA,0.073256077628
GCATC,0.0289130943143
GCATG,0.0137273143761
GCATT,0.0138277999875
GCCAA,0.00479646885848
GCCAC,0.0072186671129
GCCAG,0.00387513057552
GCCAT,0.00410572157533
GCCCA,0.0064674882972
GCCCC,0.0044986757594
GCCCG,0.00614385587498
GCCCT,0.00779970039018
GCCGA,0.00367487637409
GCCGC,0.00509774157708
GCCGG,0.00309915021843
GCCGT,0.0129928378052
GCCTA,0.00625482858843
GCCTC,0.00551696323032
GCCTG,0.00472221857132
GCCTT,0.00404565250913
GCGAA,0.0106601739263
GCGAC,0.00296785877328
GCGAG,0.00172333684982
GCGAT,0.334077452259
GCGCA,0.0149078887008
GCGCC,0.00348855975276
GCGCG,
GCGCT,0.0642201145261
GCGGA,0.0100378381455
GCGGC,0.0187973240132
GCGGG,0.0460293805519
GCGGT,0.0116028535544
GCGTA,0.0533422530799
GCGTC,0.11747656264
GCGTG,0.0224272929765
GCGTT,0.151820301009
GCTAA,0.156844251487
GCTAC,0.0631723217915
GCTAG,0.0313365338602
GCTAT,0.0385734207339
GCTCA,0.0157746053161
GCTCC,0.0142488520908
GCTCG,0.0214638295674
GCTCT,0.0073117483292
GCTGA,0.00572311277676
GCTGC,0.00705674441776
GCTGG,0.00599446725953
GCTGT,0.00774617386771
GCTTA,0.018480628404
GCTTC,0.0418814115762
GCTTG,0.0162885644283
GCTTT,0.00711907841434
GGAAA,0.0107351177427
GGAAC,0.126808663817
GGAAG,0.0100412495988
GGAAT,0.0213526931558
GGACA,0.00365347578167
GGACC,0.0178964719324
GGACG,0.028292878939
GGACT,0.0168563691979
GGAGA,0.00822795874241
GGAGC,0.0160331958719
GGAGG,0.010639673421
GGAGT,0.0076234983747
GGATA,0.0218769329079
GGATC,0.0310620331111
GGATG,0.029378145438
GGATT,0.0149515672252
GGCAA,0.0140357641682
GGCAC,0.00432383174508
GGCAG,0.00643858585498
GGCAT,0.00477389922128
GGCCA,0.0084208675552
GGCCC,0.00558523326408
GGCCG,0.00589016472296
GGCCT,0.00567015710301
GGCGA,0.363462809609
GGCGC,0.00474763836062
GGCGG,0.0314923069537
GGCGT,0.00597588443911
GGCTA,0.0240712002451
GGCTC,0.00773839750769
GGCTG,0.00420063479698
GGCTT,0.00647182802164
GGGAA,0.00912946205299
GGGAC,0.00678181417708
GGGAG,0.00835994571054
GGGAT,0.0170452283178
GGGCA,0.0293845478498
GGGCC,0.00449458912702
GGGCG,0.0127040376462
GGGCT,0.0363259173384
GGGGA,0.00608086376409
GGGGC,0.00375615017501
GGGGG,0.00545504582627
GGGGT,0.0102738363524
GGGTA,0.111189903785
GGGTC,0.00820196234296
GGGTG,0.0277548699643
GGGTT,0.0505808570318
GGTAA,0.0431156799727
GGTAC,0.0397653777929
GGTAG,0.0540874080319
GGTAT,0.0404594488543
GGTCA,0.00580455830681
GGTCC,0.0042186636095
GGTCG,0.338848632712
GGTCT,0.00346158179261
GGTGA,0.00706180031316
GGTGC,0.00156237455463
GGTGG,0.00812946828907
GGTGT,0.0210082533378
GGTTA,0.0532961456278
GGTTC,0.00879104548991
GGTTG,0.00471332586672
GGTTT,0.0355560422176
GTAAA,0.0469405616608
GTAAC,0.0986961727977
GTAAG,0.039797430758
GTAAT,0.137424651021
GTACA,0.0581770083523
GTACC,0.0514042206069
GTACG,0.0488315949373
GTACT,0.100241474826
GTAGA,0.0707257084511
GTAGC,0.0629673510278
GTAGG,0.0777299585984
GTAGT,0.0331108977934
GTATA,0.0588517011038
GTATC,0.0660084081092
GTATG,0.054422757352
GTATT,0.0150143381733
GTCAA,0.0062253291125
GTCAC,0.00605955554202
GTCAG,0.00588203323867
GTCAT,0.0
GTCCA,0.00709116396137
GTCCC,0.00460173924746
GTCCG,0.00457535292538
GTCCT,0.00551415925327
GTCGA,0.00466397460426
GTCGC,0.169918523898
GTCGG,0.0100883401069
GTCGT,0.0112353323526
GTCTA,0.0256312612082
GTCTC,0.00555182622668
GTCTG,0.00338712809156
GTCTT,0.0834362552912
GTGAA,0.00627921966951
GTGAC,0.00616730349719
GTGAG,0.0537311017631
GTGAT,0.0140595490077
GTGCA,0.0114726950929
GTGCC,0.0334044154403
GTGCG,0.0074830095275
GTGCT,0.0385745130514
GTGGA,0.00685411418729
GTGGC,0.0160125642038
GTGGG,0.0071154956089
GTGGT,0.00881371083859
GTGTA,0.107100262392
GTGTC,0.116384743182
GTGTG,0.0159668467482
GTGTT,0.253659564187
GTTAA,0.0213200716356
GTTAC,0.0441428542728
GTTAG,0.068687299283
GTTAT,0.0443148545164
GTTCA,0.0159661079953
GTTCC,0.0125750990844
GTTCG,0.422239421734
GTTCT,0.00587260943017
GTTGA,0.00556620979559
GTTGC,0.0612968776715
GTTGG,0.00530647784825
GTTGT,0.0541726453502
GTTTA,0.0688118279591
GTTTC,0.0205286580944
GTTTG,0.0331709247788
GTTTT,0.0306867162065
TAAAA,0.0429801003747
TAAAC,0.0
TAAAG,0.0298807587972
TAAAT,0.0301453029645
TAACA,0.0233887945531
TAACC,0.0254434199002
TAACG,0.0332251476433
TAACT,0.0413585041685
TAAGA,0.0189881683116
TAAGC,0.0392857235874
TAAGG,0.0249929419229
TAAGT,0.0
TAATA,0.0500197506472
TAATC,0.0528502414967
TAATG,0.0405616297538
TAATT,0.0488251636107
TACAA,0.0219495585201
TACAC,0.013881833998
TACAG,0.0105495022061
TACAT,0.0266892616809
TACCA,0.0284778718871
TACCC,0.522232967867
TACCG,0.0214218560025
TACCT,0.024041318464
TACGA,0.0253984823887
TACGC,0.0239256528557
TACGG,0.106733499992
TACGT,
TACTA,0.0466707296586
TACTC,0.100797736064
TACTG,0.0375357741809
TACTT,0.0642315158659
TAGAA,0.0409349723063
TAGAC,0.00532553690921
TAGAG,0.0108194056968
TAGAT,0.046752229672
TAGCA,0.0654773212668
TAGCC,0.0205322384455
TAGCG,0.0425945287591
TAGCT,0.146804577197
TAGGA,0.012524191501
TAGGC,0.0127458505391
TAGGG,0.0200888434315
TAGGT,0.0481388951646
TAGTA,0.0437759916504
TAGTC,0.0
TAGTG,0.0343493582688
TAGTT,0.0574670850327
TATAA,0.0236872529775
TATAC,0.0492485503972
TATAG,0.0411980650095
TATAT,0.0117500182759
TATCA,0.0824377398374
TATCC,0.0127984822379
TATCG,0.206391494446
TATCT,0.0064221816775
TATGA,0.00918623691887
TATGC,0.011509697235
TATGG,0.0110749975608
TATGT,0.011038600477
TATTA,0.0141555282922
TATTC,0.0383144078338
TATTG,0.0158710745208
TATTT,0.037443507796
TCAAA,0.0180555882482
TCAAC,0.0295384969752
TCAAG,0.021312954906
TCAAT,0.0824825492194
TCACA,0.030570298281
TCACC,0.0134222499003
TCACG,0.00759588030477
TCACT,0.0377493131674
TCAGA,0.0360512006895
TCAGC,0.0238432796602
TCAGG,0.0202974538606
TCAGT,0.0148755936408
TCATA,0.0164959823859
TCATC,0.0434906293224
TCATG,0.0667856509708
TCATT,0.0305104479316
TCCAA,0.0135954407694
TCCAC,0.0841163395055
TCCAG,0.0102837634301
TCCAT,0.0147848256809
TCCCA,0.0522880554776
TCCCC,0.0225837626827
TCCCG,0.0127358560936
TCCCT,0.0108654730775
TCCGA,0.0779072623205
TCCGC,0.00442219057114
TCCGG,0.00554836095416
TCCGT,0.00967155284745
TCCTA,0.0528110156571
TCCTC,0.0356693680029
TCCTG,0.0108316738721
TCCTT,0.0188547379115
TCGAA,0.00836604624235
TCGAC,
TCGAG,0.0158649700659
TCGAT,0.0390930744127
TCGCA,0.0114809882103
TCGCC,0.0182546118555
TCGCG,
TCGCT,0.210897247526
TCGGA,0.00459138187471
TCGGC,0.00552762932572
TCGGG,0.00339355041155
TCGGT,0.0262822539068
TCGTA,
TCGTC,0.0785426498762
TCGTG,0.0233453706954
TCGTT,0.0548768503439
TCTAA,0.0489055151277
TCTAC,0.0168833175724
TCTAG,0.0340381437656
TCTAT,0.0235171769312
TCTCA,0.023576505906
TCTCC,0.00593992981994
TCTCG,0.2335880728
TCTCT,0.0101160368641
TCTGA,0.00899168206978
TCTGC,0.00171208759863
TCTGG,0.0128526187485
TCTGT,0.00890398064922
TCTTA,0.0217714403239
TCTTC,0.0238127182277
TCTTG,0.177582522449
TCTTT,0.0401069159169
TGAAA,0.0168102811388
TGAAC,0.044302688492
TGAAG,0.00884655162817
TGAAT,0.0204246574857
TGACA,0.0389620575118
TGACC,0.00437392106355
TGACG,0.00713709217543
TGACT,0.00619434106547
TGAGA,0.0157931978285
TGAGC,0.0186522048075
TGAGG,0.00731896324796
TGAGT,0.00887689940681
TGATA,0.00965835471287
TGATC,0.0188290306512
TGATG,0.0109998651766
TGATT,0.021723806482
TGCAA,0.0349082208349
TGCAC,0.0169622754483
TGCAG,0.0157098908671
TGCAT,0.173100309562
TGCCA,0.0313896602809
TGCCC,0.00926152727597
TGCCG,0.0254800551205
TGCCT,0.0542248367424
TGCGA,0.00824937795823
TGCGC,0.00360205566661
TGCGG,0.0230943944691
TGCGT,0.0464707119515
TGCTA,0.0338086901795
TGCTC,0.02
TGCTG,0.0395470343817
TGCTT,0.0367706570708
TGGAA,0.0127230519906
TGGAC,0.00412273765788
TGGAG,0.00458908237201
TGGAT,0.00439628782554
TGGCA,0.0369608589568
TGGCC,0.026802522216
TGGCG,0.0495705335565
TGGCT,0.0672434588744
TGGGA,0.00948150613392
TGGGC,0.00693690017914
TGGGG,0.0040482567943
TGGGT,0.00379756440348
TGGTA,0.0271549544901
TGGTC,0.00526916414675
TGGTG,0.00759932867882
TGGTT,0.045240132621
TGTAA,0.0114236120687
TGTAC,0.0229682196769
TGTAG,0.31141948415
TGTAT,0.00572821239167
TGTCA,0.0110057383278
TGTCC,0.00613004144529
TGTCG,0.0
TGTCT,0.00466169304227
TGTGA,0.00434269566105
TGTGC,0.00649058120829
TGTGG,0.0235261125757
TGTGT,0.00209283759563
TGTTA,0.0
TGTTC,0.129003949418
TGTTG,0.0212843625588
TGTTT,0.0058088872139
TTAAA,0.00486454603317
TTAAC,0.0274574555777
TTAAG,0.0559016994375
TTAAT,0.039248452385
TTACA,0.024251209228
TTACC,0.0432062969292
TTACG,0.0488087653445
TTACT,0.0294034930728
TTAGA,0.0116647964236
TTAGC,0.0463502470346
TTAGG,
TTAGT,0.0138151508717
TTATA,0.00984841911569
TTATC,0.0515988491274
TTATG,0.036892304681
TTATT,0.0232082148101
TTCAA,0.00937439606788
TTCAC,0.00561492285671
TTCAG,0.0143087881679
TTCAT,0.00635181155666
TTCCA,0.0145065996682
TTCCC,0.13866885062
TTCCG,0.0425654775808
TTCCT,0.00748820655961
TTCGA,0.0227317527001
TTCGC,0.0471260869382
TTCGG,0.00672033290256
TTCGT,
TTCTA,0.0984453933092
TTCTC,0.0158522015063
TTCTG,0.0168050532227
TTCTT,
TTGAA,0.00539057165008
TTGAC,0.305858236324
TTGAG,0.0052841344284
TTGAT,0.0620205918124
TTGCA,0.00880319088076
TTGCC,0.0564594993781
TTGCG,
TTGCT,0.289456750226
TTGGA,0.00379771941592
TTGGC,0.00646157925256
TTGGG,0.00428999447667
TTGGT,0.0111302897062
TTGTA,0.0781173014713
TTGTC,0.030476180955
TTGTG,0.0184283329841
TTGTT,0.143141598774
TTTAA,0.0
TTTAC,0.0339255663758
TTTAG,0.036077500185
TTTAT,0.0188084254238
TTTCA,0.0143369322523
TTTCC,0.011250203525
TTTCG,0.0250020408745
TTTCT,0.0198214493006
TTTGA,0.0343647871837
TTTGC,0.288460475341
TTTGG,0.0139288344716
TTTGT,0.0343715787015
TTTTA,0.0978306506756
TTTTC,0.0194725977188
TTTTG,0.0238725607622
TTTTT,0.0414460170096
